{
    "graph_name": "c100b",
    "tests_ran": 30,
    "best_cost": 824.7767082202589,
    "average_cost": 851.4993771193448,
    "relative_deviation": 0.016268210890360558
}