{
    "graph_name": "c120",
    "tests_ran": 30,
    "best_cost": 1092.8897094014476,
    "average_cost": 1207.7450668279146,
    "relative_deviation": -0.004202929412538024
}