{
    "graph_name": "c150",
    "tests_ran": 30,
    "best_cost": 1096.4531614447924,
    "average_cost": 1166.3819618194864,
    "relative_deviation": -0.02082565456991032
}