{
    "graph_name": "c199",
    "tests_ran": 30,
    "best_cost": 1406.6892075424714,
    "average_cost": 1441.768570760022,
    "relative_deviation": -0.012338486193457456
}