{
    "graph_name": "c50",
    "tests_ran": 30,
    "best_cost": 567.1258185025843,
    "average_cost": 603.219812579806,
    "relative_deviation": 0.018236146661478422
}