{
    "graph_name": "c75",
    "tests_ran": 30,
    "best_cost": 863.4268509092084,
    "average_cost": 907.126522369305,
    "relative_deviation": 0.001788724566609013
}