{
    "graph_name": "f134",
    "tests_ran": 30,
    "best_cost": 11668.822201323277,
    "average_cost": 11795.037731928378,
    "relative_deviation": -0.0023445498217969187
}