{
    "graph_name": "f71",
    "tests_ran": 30,
    "best_cost": 289.57429578706325,
    "average_cost": 303.49293252065473,
    "relative_deviation": -0.008248223892253284
}