{
    "graph_name": "tai150a",
    "tests_ran": 30,
    "best_cost": 3222.7520399460964,
    "average_cost": 3313.923903332252,
    "relative_deviation": 0.005726824849537695
}