{
    "graph_name": "tai150c",
    "tests_ran": 30,
    "best_cost": 2425.59275183246,
    "average_cost": 2470.402664156196,
    "relative_deviation": 0.0014845512424659876
}