{
    "graph_name": "tai150b",
    "tests_ran": 30,
    "best_cost": 2879.161996714571,
    "average_cost": 2943.1239730608763,
    "relative_deviation": -0.0033330162448081367
}