{
    "graph_name": "tai75c",
    "tests_ran": 30,
    "best_cost": 1434.3133022597556,
    "average_cost": 1514.8441525875103,
    "relative_deviation": -0.011640637838952172
}