{
    "graph_name": "tai75d",
    "tests_ran": 30,
    "best_cost": 1404.8370303928043,
    "average_cost": 1419.6378202256997,
    "relative_deviation": 0.00030584753558668404
}