{
    "graph_name": "tai75b",
    "tests_ran": 30,
    "best_cost": 1354.3058264964357,
    "average_cost": 1372.5580085828503,
    "relative_deviation": 0.0001106504892510841
}