{
    "graph_name": "f71",
    "number_of_tests": 30,
    "waiting_strategy": "wait_first",
    "alpha": 1.0,
    "best_cost": 292.51544802933125,
    "average_cost": 308.3016720562643
}