{
    "graph_name": "tai100b",
    "number_of_tests": 30,
    "waiting_strategy": "wait_first",
    "alpha": 1.0,
    "best_cost": 2129.179745587864,
    "average_cost": 2187.195693856808
}