{
    "graph_name": "tai100d",
    "number_of_tests": 30,
    "waiting_strategy": "wait_first",
    "alpha": 1.0,
    "best_cost": 1715.94272795193,
    "average_cost": 1780.1537095831793
}