{
    "graph_name": "c100",
    "number_of_tests": 30,
    "waiting_strategy": "drive_first",
    "alpha": 9.0,
    "best_cost": 1071.145019895912,
    "average_cost": 1207.5981564649376
}