{
    "graph_name": "c75",
    "number_of_tests": 30,
    "waiting_strategy": "drive_first",
    "alpha": 9.0,
    "best_cost": 1011.2076226978422,
    "average_cost": 1075.4902078617856
}