{
    "graph_name": "tai150d",
    "number_of_tests": 30,
    "waiting_strategy": "drive_first",
    "alpha": 9.0,
    "best_cost": 2918.208049055111,
    "average_cost": 3121.7632492211583
}