{
    "graph_name": "tai100d",
    "number_of_tests": 30,
    "waiting_strategy": "drive_first",
    "alpha": 9.0,
    "best_cost": 1837.5292612089434,
    "average_cost": 1937.5630729257343
}