{
    "graph_name": "tai100a",
    "number_of_tests": 30,
    "waiting_strategy": "drive_first",
    "alpha": 9.0,
    "best_cost": 2319.9459774238153,
    "average_cost": 2501.6747239178267
}