{
    "graph_name": "tai75a",
    "number_of_tests": 30,
    "waiting_strategy": "drive_first",
    "alpha": 9.0,
    "best_cost": 1786.6664216779707,
    "average_cost": 1887.1276779260622
}