{
    "graph_name": "c150",
    "number_of_tests": 30,
    "waiting_strategy": "wait_first",
    "wait_margin": 0.14,
    "best_cost": 1106.9627893928334,
    "average_cost": 1152.6671216419813,
    "relative_deviation": -0.032339223960625184
}