{
    "graph_name": "tai100b",
    "number_of_tests": 30,
    "waiting_strategy": "wait_first",
    "wait_margin": 0.14,
    "best_cost": 2019.6192560556583,
    "average_cost": 2096.0328237386443,
    "relative_deviation": -0.03592614900231717
}