{
    "graph_name": "tai150c",
    "number_of_tests": 30,
    "waiting_strategy": "wait_first",
    "wait_margin": 0.14,
    "best_cost": 2399.0384003013487,
    "average_cost": 2479.3235125845954
}