{
    "graph_name": "tai150a",
    "number_of_tests": 30,
    "waiting_strategy": "wait_first",
    "wait_margin": 0.14,
    "best_cost": 3193.3064890307005,
    "average_cost": 3305.164772260377,
    "relative_deviation": 0.0030685582935375266
}