{
    "graph_name": "tai100a",
    "number_of_tests": 30,
    "waiting_strategy": "wait_first",
    "wait_margin": 0.14,
    "best_cost": 2119.03256129614,
    "average_cost": 2190.2882995402033,
    "relative_deviation": 0.0033413820288333827,
    "relative_deviation_best": -0.029299905833724035
}