{
    "graph_name": "tai75d",
    "number_of_tests": 30,
    "waiting_strategy": "wait_first",
    "wait_margin": 0.14,
    "best_cost": 1411.9602003689351,
    "average_cost": 1435.9230740371313,
    "relative_deviation": 0.011780770494166622
}