{
    "graph_name": "c100",
    "number_of_tests": 30,
    "waiting_strategy": "wait_first",
    "wait_margin": 0.0,
    "starting_capacity": 0.9,
    "full_capacity_time": 0.6,
    "best_cost": 967.6801369761764,
    "average_cost": 1013.1982051046155,
    "relative_deviation": 0.05980638547432049
}