{
    "graph_name": "c50",
    "number_of_tests": 30,
    "waiting_strategy": "wait_first",
    "alpha": 9.0,
    "best_cost": 612.124324017275,
    "average_cost": 671.8906296458601
}