{
    "graph_name": "f134",
    "number_of_tests": 30,
    "waiting_strategy": "wait_first",
    "alpha": 9.0,
    "best_cost": 11704.195106066969,
    "average_cost": 11870.81999751722
}