{
    "graph_name": "f71",
    "number_of_tests": 30,
    "waiting_strategy": "wait_first",
    "alpha": 9.0,
    "best_cost": 299.4357025249713,
    "average_cost": 317.90358622666287
}