{
    "graph_name": "c100",
    "number_of_tests": 30,
    "waiting_strategy": "drive_first",
    "alpha": 8.0,
    "best_cost": 1068.8452932528173,
    "average_cost": 1199.9927667458892
}