{
    "graph_name": "c150",
    "number_of_tests": 30,
    "waiting_strategy": "drive_first",
    "alpha": 8.0,
    "best_cost": 1349.855582468764,
    "average_cost": 1422.312284929146
}