{
    "graph_name": "f71",
    "number_of_tests": 30,
    "waiting_strategy": "drive_first",
    "alpha": 8.0,
    "best_cost": 314.47714944378185,
    "average_cost": 352.7420563814738
}