{
    "graph_name": "tai100c",
    "number_of_tests": 30,
    "waiting_strategy": "drive_first",
    "alpha": 8.0,
    "best_cost": 1504.9491328930844,
    "average_cost": 1543.3077688544256
}