{
    "graph_name": "tai100b",
    "number_of_tests": 30,
    "waiting_strategy": "drive_first",
    "alpha": 8.0,
    "best_cost": 2193.2503553218394,
    "average_cost": 2303.55782867006
}