{
    "graph_name": "tai75b",
    "number_of_tests": 30,
    "waiting_strategy": "drive_first",
    "alpha": 8.0,
    "best_cost": 1466.96947422238,
    "average_cost": 1579.8005612970953
}