{
    "graph_name": "tai75c",
    "number_of_tests": 30,
    "waiting_strategy": "drive_first",
    "alpha": 8.0,
    "best_cost": 1469.3903130160793,
    "average_cost": 1647.1972693343728
}