{
    "graph_name": "c100b",
    "tests_ran": 30,
    "best_cost": 876.5381669061993,
    "average_cost": 903.8646623661118
}