{
    "graph_name": "c100",
    "tests_ran": 30,
    "best_cost": 969.9942634527748,
    "average_cost": 1040.8408447482036
}