{
    "graph_name": "c120",
    "tests_ran": 30,
    "best_cost": 1277.250355701375,
    "average_cost": 1396.6409459866613
}