{
    "graph_name": "c150",
    "tests_ran": 30,
    "best_cost": 1322.4510717409446,
    "average_cost": 1382.7925784960817
}