{
    "graph_name": "c199",
    "tests_ran": 30,
    "best_cost": 1627.012984669836,
    "average_cost": 1701.6248978158899
}