{
    "graph_name": "c50",
    "tests_ran": 30,
    "best_cost": 598.777648438683,
    "average_cost": 628.5834796435437
}