{
    "graph_name": "c50",
    "tests_ran": 30,
    "best_cost": 598.777648438683,
    "average_cost": 628.5834796435437,
    "relative_deviation": -0.005292944938083147
}