{
    "graph_name": "c75",
    "tests_ran": 30,
    "best_cost": 951.8317249675279,
    "average_cost": 1013.8012412734507
}