{
    "graph_name": "f134",
    "tests_ran": 30,
    "best_cost": 15244.944149446377,
    "average_cost": 16119.248031541265
}