{
    "graph_name": "f71",
    "tests_ran": 30,
    "best_cost": 293.13416070354873,
    "average_cost": 308.35116417444266
}