{
    "graph_name": "tai150d",
    "tests_ran": 30,
    "best_cost": 2995.4377815182906,
    "average_cost": 3090.091063839422
}