{
    "graph_name": "tai150b",
    "tests_ran": 30,
    "best_cost": 2853.638817997595,
    "average_cost": 3068.5678966859673,
    "relative_deviation": -0.002196762675464986
}