{
    "graph_name": "tai100c",
    "tests_ran": 30,
    "best_cost": 1487.0397382000053,
    "average_cost": 1534.9619508315382
}