{
    "graph_name": "tai150a",
    "tests_ran": 30,
    "best_cost": 3342.9575582732664,
    "average_cost": 3429.122015062357
}