{
    "graph_name": "tai75b",
    "tests_ran": 30,
    "best_cost": 1537.5683053730056,
    "average_cost": 1612.3018462217867
}