{
    "graph_name": "tai75c",
    "tests_ran": 30,
    "best_cost": 1505.836903189171,
    "average_cost": 1563.2462996226095,
    "relative_deviation": -0.031904292726546365
}