{
    "graph_name": "tai75a",
    "tests_ran": 30,
    "best_cost": 1733.4221521573659,
    "average_cost": 1814.1770939521334
}