{
    "graph_name": "tai75d",
    "tests_ran": 30,
    "best_cost": 1517.8731464466885,
    "average_cost": 1566.9665785169386
}