{
    "graph_name": "c120",
    "tests_ran": 30,
    "best_cost": 1188.3386306010964,
    "average_cost": 1269.173699902434,
    "relative_deviation": -0.06447655308669066,
    "relative_deviation_best": -0.12406107069060653
}