{
    "graph_name": "c120",
    "tests_ran": 30,
    "best_cost": 1188.3386306010964,
    "average_cost": 1269.173699902434
}