{
    "graph_name": "c150",
    "tests_ran": 30,
    "best_cost": 1171.4947657125888,
    "average_cost": 1223.5308229897573,
    "relative_deviation": -0.11100196488010354
}