{
    "graph_name": "c199",
    "tests_ran": 30,
    "best_cost": 1470.4369327642341,
    "average_cost": 1516.9927934521766
}