{
    "graph_name": "f134",
    "tests_ran": 30,
    "best_cost": 12338.811190227734,
    "average_cost": 12815.658947525288
}