{
    "graph_name": "f71",
    "tests_ran": 30,
    "best_cost": 293.75171323435836,
    "average_cost": 314.07760992788013,
    "relative_deviation": -0.03363551136565974,
    "relative_deviation_best": -0.09617490972894939
}