{
    "graph_name": "f71",
    "tests_ran": 30,
    "best_cost": 293.75171323435836,
    "average_cost": 314.07760992788013
}