{
    "graph_name": "tai100a",
    "tests_ran": 30,
    "best_cost": 2187.501307915851,
    "average_cost": 2256.6870600771563
}