{
    "graph_name": "tai100d",
    "tests_ran": 30,
    "best_cost": 1663.7426097635448,
    "average_cost": 1787.9871392936648
}