{
    "graph_name": "tai150b",
    "tests_ran": 30,
    "best_cost": 2854.6097162029714,
    "average_cost": 2934.473919559292
}