{
    "graph_name": "tai150c",
    "tests_ran": 30,
    "best_cost": 2506.587869844284,
    "average_cost": 2622.4206080290687,
    "relative_deviation": -0.049680561109966236
}