{
    "graph_name": "tai75a",
    "tests_ran": 30,
    "best_cost": 1686.427823304995,
    "average_cost": 1745.2378196173345
}