{
    "graph_name": "tai75b",
    "tests_ran": 30,
    "best_cost": 1375.3240457333513,
    "average_cost": 1420.7953150121414
}