{
    "graph_name": "c199",
    "number_of_tests": 30,
    "waiting_strategy": "wait_first",
    "alpha": 3.0,
    "best_cost": 1411.4536830837,
    "average_cost": 1456.5216702671642
}