{
    "graph_name": "c50",
    "number_of_tests": 30,
    "waiting_strategy": "wait_first",
    "alpha": 3.0,
    "best_cost": 596.7026948487527,
    "average_cost": 628.4852097889487
}