{
    "graph_name": "tai150a",
    "number_of_tests": 30,
    "waiting_strategy": "wait_first",
    "alpha": 3.0,
    "best_cost": 3267.704707957725,
    "average_cost": 3345.9284991816517
}