{
    "graph_name": "c199",
    "number_of_tests": 30,
    "waiting_strategy": "wait_first",
    "wait_margin": 0.24,
    "best_cost": 1422.3567370406008,
    "average_cost": 1471.8119194340782,
    "relative_deviation": 0.008242250433083343
}