{
    "graph_name": "c75",
    "number_of_tests": 30,
    "waiting_strategy": "wait_first",
    "wait_margin": 0.24,
    "best_cost": 884.4421514057442,
    "average_cost": 933.4385469891511
}