{
    "graph_name": "f71",
    "number_of_tests": 30,
    "waiting_strategy": "wait_first",
    "wait_margin": 0.24,
    "best_cost": 291.43472716250324,
    "average_cost": 312.51272650385977,
    "relative_deviation": 0.021226586702753784,
    "relative_deviation_best": -0.04765193086261189
}