{
    "graph_name": "tai150d",
    "number_of_tests": 30,
    "waiting_strategy": "wait_first",
    "wait_margin": 0.24,
    "best_cost": 2776.8859125291037,
    "average_cost": 2844.2420166991087,
    "relative_deviation": 0.0030145945998695787
}