{
    "graph_name": "tai100d",
    "number_of_tests": 30,
    "waiting_strategy": "wait_first",
    "wait_margin": 0.24,
    "best_cost": 1672.3183214732762,
    "average_cost": 1750.7368917524072,
    "relative_deviation": -0.008497841324114996
}