{
    "graph_name": "tai75b",
    "number_of_tests": 30,
    "waiting_strategy": "wait_first",
    "wait_margin": 0.24,
    "best_cost": 1367.9581559813832,
    "average_cost": 1396.1677385508713
}