{
    "graph_name": "tai75d",
    "number_of_tests": 30,
    "waiting_strategy": "wait_first",
    "wait_margin": 0.24,
    "best_cost": 1411.5911543801055,
    "average_cost": 1448.9060575853605
}