{
    "graph_name": "c100",
    "number_of_tests": 30,
    "waiting_strategy": "wait_first",
    "wait_margin": 0.12,
    "best_cost": 878.8633569749479,
    "average_cost": 932.3349356621359
}