{
    "graph_name": "c120",
    "number_of_tests": 30,
    "waiting_strategy": "wait_first",
    "wait_margin": 0.12,
    "best_cost": 1065.9966399152427,
    "average_cost": 1197.3970671794273,
    "relative_deviation": -0.012734951624367915
}