{
    "graph_name": "f71",
    "number_of_tests": 30,
    "waiting_strategy": "wait_first",
    "wait_margin": 0.12,
    "best_cost": 272.6036993703341,
    "average_cost": 291.0093771023609,
    "relative_deviation": -0.04904188638516764,
    "relative_deviation_best": -0.10918781278153297
}