{
    "graph_name": "f71",
    "number_of_tests": 30,
    "waiting_strategy": "wait_first",
    "wait_margin": 0.12,
    "best_cost": 272.6036993703341,
    "average_cost": 291.0093771023609
}