{
    "graph_name": "tai75a",
    "number_of_tests": 30,
    "waiting_strategy": "wait_first",
    "wait_margin": 0.12,
    "best_cost": 1693.0883018533639,
    "average_cost": 1739.673790251127
}