{
    "graph_name": "f134",
    "number_of_tests": 30,
    "waiting_strategy": "wait_first",
    "wait_margin": 0.05,
    "best_cost": 11666.770432199019,
    "average_cost": 11845.189992688276,
    "relative_deviation": 0.0018974608799094672
}