{
    "graph_name": "tai100c",
    "number_of_tests": 30,
    "waiting_strategy": "wait_first",
    "wait_margin": 0.05,
    "best_cost": 1421.5211156729638,
    "average_cost": 1440.3105166001053,
    "relative_deviation": -0.006484953937376675
}