{
    "graph_name": "tai75a",
    "number_of_tests": 30,
    "waiting_strategy": "wait_first",
    "wait_margin": 0.05,
    "best_cost": 1675.965809612263,
    "average_cost": 1734.2598049739197,
    "relative_deviation": -0.00750114073260729
}