{
    "graph_name": "c100",
    "number_of_tests": 30,
    "waiting_strategy": "wait_first",
    "wait_margin": 0.08,
    "starting_capacity": 0.8,
    "full_capacity_time": 0.6,
    "best_cost": 918.6935577941987,
    "average_cost": 967.501628217698,
    "relative_deviation": 0.030269359702804283
}