{
    "graph_name": "c100",
    "number_of_tests": 30,
    "waiting_strategy": "wait_first",
    "alpha": 4.0,
    "best_cost": 954.1388902729848,
    "average_cost": 1008.5853140824652
}