{
    "graph_name": "tai100a",
    "number_of_tests": 30,
    "waiting_strategy": "wait_first",
    "alpha": 4.0,
    "best_cost": 2185.2035823619144,
    "average_cost": 2303.2237873181225
}