{
    "graph_name": "tai100d",
    "number_of_tests": 30,
    "waiting_strategy": "wait_first",
    "alpha": 4.0,
    "best_cost": 1713.1433283473705,
    "average_cost": 1794.2766555546684
}