{
    "graph_name": "c100b",
    "number_of_tests": 30,
    "waiting_strategy": "drive_first",
    "alpha": 3.0,
    "best_cost": 872.5724689209892,
    "average_cost": 918.613423882653
}