{
    "graph_name": "c100",
    "number_of_tests": 30,
    "waiting_strategy": "drive_first",
    "alpha": 3.0,
    "best_cost": 1016.7487688081928,
    "average_cost": 1126.2376807117869
}