{
    "graph_name": "c75",
    "number_of_tests": 30,
    "waiting_strategy": "drive_first",
    "alpha": 3.0,
    "best_cost": 992.7830312899619,
    "average_cost": 1036.2855235325142
}