{
    "graph_name": "tai150b",
    "number_of_tests": 30,
    "waiting_strategy": "drive_first",
    "alpha": 3.0,
    "best_cost": 2980.345997718464,
    "average_cost": 3110.6318128735506
}