{
    "graph_name": "tai100c",
    "number_of_tests": 30,
    "waiting_strategy": "drive_first",
    "alpha": 3.0,
    "best_cost": 1496.8878381155769,
    "average_cost": 1556.3825458078225
}