{
    "graph_name": "tai100a",
    "number_of_tests": 30,
    "waiting_strategy": "drive_first",
    "alpha": 3.0,
    "best_cost": 2299.080635820888,
    "average_cost": 2419.864742058118
}