{
    "graph_name": "tai100d",
    "number_of_tests": 30,
    "waiting_strategy": "drive_first",
    "alpha": 3.0,
    "best_cost": 1814.225881985657,
    "average_cost": 1923.7149945269289
}