{
    "graph_name": "tai150c",
    "number_of_tests": 30,
    "waiting_strategy": "drive_first",
    "alpha": 3.0,
    "best_cost": 2623.1902557451676,
    "average_cost": 2874.882326605619
}