{
    "graph_name": "c100b",
    "tests_ran": 30,
    "best_cost": 917.5312092392521,
    "average_cost": 924.7796057127994
}