{
    "graph_name": "c100",
    "tests_ran": 30,
    "best_cost": 918.7182800880538,
    "average_cost": 958.5076238152237
}