{
    "graph_name": "c100b",
    "tests_ran": 30,
    "best_cost": 917.5312092392521,
    "average_cost": 924.7796057127994,
    "relative_deviation": 0.09041724182103779,
    "relative_deviation_best": 0.08187058222616203
}