{
    "graph_name": "c120",
    "tests_ran": 30,
    "best_cost": 1103.306838357713,
    "average_cost": 1209.7455097510576
}