{
    "graph_name": "c199",
    "tests_ran": 30,
    "best_cost": 1452.9422180292274,
    "average_cost": 1525.808571939311,
    "relative_deviation": 0.0627718368606224,
    "relative_deviation_best": 0.01201821663949036
}