{
    "graph_name": "c199",
    "tests_ran": 30,
    "best_cost": 1452.9422180292274,
    "average_cost": 1525.808571939311
}