{
    "graph_name": "c50",
    "tests_ran": 30,
    "best_cost": 566.9437934612188,
    "average_cost": 598.9913328291312
}