{
    "graph_name": "c75",
    "tests_ran": 30,
    "best_cost": 891.3598812180809,
    "average_cost": 926.6705990531248
}