{
    "graph_name": "f134",
    "tests_ran": 30,
    "best_cost": 12903.483536763873,
    "average_cost": 13119.754735420998
}