{
    "graph_name": "f71",
    "tests_ran": 30,
    "best_cost": 281.7192531259651,
    "average_cost": 316.0419776878292
}