{
    "graph_name": "tai150a",
    "tests_ran": 30,
    "best_cost": 3530.7052766781035,
    "average_cost": 3680.2805414710415
}