{
    "graph_name": "tai150b",
    "tests_ran": 30,
    "best_cost": 2874.4106317541514,
    "average_cost": 2988.540492164313
}