{
    "graph_name": "tai150c",
    "tests_ran": 30,
    "best_cost": 2617.111494729187,
    "average_cost": 2757.8164230569105
}