{
    "graph_name": "tai100d",
    "tests_ran": 30,
    "best_cost": 1731.7859061775969,
    "average_cost": 1769.565295220256
}