{
    "graph_name": "tai100a",
    "tests_ran": 30,
    "best_cost": 2186.0148016856015,
    "average_cost": 2261.1324694252057,
    "relative_deviation": 0.033141280333784745,
    "relative_deviation_best": -0.00118097387890666
}