{
    "graph_name": "tai150d",
    "tests_ran": 30,
    "best_cost": 3536.4288881069747,
    "average_cost": 3655.2184702891773
}