{
    "graph_name": "tai100b",
    "tests_ran": 30,
    "best_cost": 2384.142822249372,
    "average_cost": 2490.629480034715
}