{
    "graph_name": "tai100a",
    "tests_ran": 30,
    "best_cost": 2186.0148016856015,
    "average_cost": 2261.1324694252057
}