{
    "graph_name": "tai150b",
    "tests_ran": 30,
    "best_cost": 2874.4106317541514,
    "average_cost": 2988.540492164313,
    "relative_deviation": 0.019495354088046375,
    "relative_deviation_best": -0.019438320311196047
}