{
    "graph_name": "tai100c",
    "tests_ran": 30,
    "best_cost": 1460.601368055925,
    "average_cost": 1487.702952039003
}