{
    "graph_name": "tai75a",
    "tests_ran": 30,
    "best_cost": 1760.5495541726632,
    "average_cost": 1814.3905345711867,
    "relative_deviation": 0.050236290378824974,
    "relative_deviation_best": 0.0190711412851276
}