{
    "graph_name": "tai75d",
    "tests_ran": 30,
    "best_cost": 1652.5267279706877,
    "average_cost": 1697.3325886963657
}