{
    "graph_name": "tai75c",
    "tests_ran": 30,
    "best_cost": 1478.1905529020676,
    "average_cost": 1541.1095271488812
}