{
    "graph_name": "tai75b",
    "tests_ran": 30,
    "best_cost": 1385.216102961271,
    "average_cost": 1402.8509206007184,
    "relative_deviation": 0.02282180383457017,
    "relative_deviation_best": 0.009964218097270645
}