{
    "graph_name": "tai75b",
    "tests_ran": 30,
    "best_cost": 1385.216102961271,
    "average_cost": 1402.8509206007184
}