{
    "graph_name": "tai75a",
    "tests_ran": 30,
    "best_cost": 1760.5495541726632,
    "average_cost": 1814.3905345711867
}