{
    "graph_name": "c120",
    "number_of_tests": 30,
    "waiting_strategy": "wait_first",
    "wait_margin": 0.06,
    "best_cost": 1072.745512470977,
    "average_cost": 1191.8447023472477,
    "relative_deviation": -0.017312928207819434,
    "relative_deviation_best": -0.1155113209361987
}