{
    "graph_name": "tai100d",
    "number_of_tests": 30,
    "waiting_strategy": "wait_first",
    "wait_margin": 0.06,
    "best_cost": 1670.4030451705678,
    "average_cost": 1738.904259348908
}