{
    "graph_name": "tai75d",
    "number_of_tests": 30,
    "waiting_strategy": "wait_first",
    "wait_margin": 0.06,
    "best_cost": 1413.7742113045476,
    "average_cost": 1432.304758059199
}