{
    "graph_name": "c50",
    "number_of_tests": 30,
    "waiting_strategy": "drive_first",
    "alpha": 4.0,
    "best_cost": 683.0675177588812,
    "average_cost": 766.7365576766243
}