{
    "graph_name": "f134",
    "number_of_tests": 30,
    "waiting_strategy": "drive_first",
    "alpha": 4.0,
    "best_cost": 15253.27637279632,
    "average_cost": 16071.984920622293
}