{
    "graph_name": "tai150a",
    "number_of_tests": 30,
    "waiting_strategy": "drive_first",
    "alpha": 4.0,
    "best_cost": 3395.151749790522,
    "average_cost": 3469.2134605308456
}