{
    "graph_name": "tai100b",
    "number_of_tests": 30,
    "waiting_strategy": "drive_first",
    "alpha": 4.0,
    "best_cost": 2199.980893147145,
    "average_cost": 2315.4263322270076
}