{
    "graph_name": "tai75b",
    "number_of_tests": 30,
    "waiting_strategy": "drive_first",
    "alpha": 4.0,
    "best_cost": 1458.4656484657655,
    "average_cost": 1563.030943865945
}