{
    "graph_name": "c100b",
    "tests_ran": 30,
    "best_cost": 819.55754418573,
    "average_cost": 842.9517976016446
}