{
    "graph_name": "c150",
    "tests_ran": 30,
    "best_cost": 1113.9767891813804,
    "average_cost": 1175.2744073450365
}