{
    "graph_name": "c199",
    "tests_ran": 30,
    "best_cost": 1392.2461866616545,
    "average_cost": 1435.3521142809477
}