{
    "graph_name": "c75",
    "tests_ran": 30,
    "best_cost": 885.9450943270141,
    "average_cost": 910.2601527455738
}