{
    "graph_name": "f71",
    "tests_ran": 30,
    "best_cost": 287.01618377758314,
    "average_cost": 306.6682112849781
}