{
    "graph_name": "tai100a",
    "tests_ran": 30,
    "best_cost": 2150.299359800704,
    "average_cost": 2183.0353467395544
}