{
    "graph_name": "tai150b",
    "tests_ran": 30,
    "best_cost": 2898.24689825729,
    "average_cost": 2948.384650369422,
    "relative_deviation": -0.04127663194488304
}