{
    "graph_name": "tai150d",
    "tests_ran": 30,
    "best_cost": 2754.0067073729706,
    "average_cost": 2845.1618072400042
}