{
    "graph_name": "tai100d",
    "tests_ran": 30,
    "best_cost": 1673.941066682109,
    "average_cost": 1752.3810666978716
}