{
    "graph_name": "tai150d",
    "tests_ran": 30,
    "best_cost": 2754.0067073729706,
    "average_cost": 2845.1618072400042,
    "relative_deviation": -0.07815525827885056
}