{
    "graph_name": "tai100c",
    "tests_ran": 30,
    "best_cost": 1417.9196252417512,
    "average_cost": 1442.5030512722258
}