{
    "graph_name": "tai150c",
    "tests_ran": 30,
    "best_cost": 2390.7451916401096,
    "average_cost": 2468.10753072873
}