{
    "graph_name": "tai75c",
    "tests_ran": 30,
    "best_cost": 1446.3416882852205,
    "average_cost": 1528.3525990098863,
    "relative_deviation": -0.05351345424013354
}