{
    "graph_name": "tai75d",
    "tests_ran": 30,
    "best_cost": 1398.483635729971,
    "average_cost": 1440.4091104183776
}