{
    "graph_name": "c199",
    "tests_ran": 30,
    "best_cost": 1780.6568548414366,
    "average_cost": 1840.8583337187358
}