{
    "graph_name": "c199",
    "tests_ran": 30,
    "best_cost": 1787.376456612147,
    "average_cost": 1856.8483334604675
}