{
    "graph_name": "c199",
    "tests_ran": 30,
    "best_cost": 1388.7391716549348,
    "average_cost": 1442.9270265853359
}