{
    "graph_name": "c199",
    "tests_ran": 30,
    "best_cost": 1399.3809874795854,
    "average_cost": 1436.1144690095318
}