{
    "graph_name": "c100",
    "tests_ran": 30,
    "best_cost": 986.2831955551308,
    "average_cost": 1032.7139269405395
}