{
    "graph_name": "c100b",
    "tests_ran": 30,
    "best_cost": 869.0120720121552,
    "average_cost": 901.6637741795282
}