{
    "graph_name": "c50",
    "tests_ran": 30,
    "best_cost": 604.0588385656422,
    "average_cost": 631.9282410281253
}