{
    "graph_name": "c75",
    "tests_ran": 30,
    "best_cost": 962.9700177183845,
    "average_cost": 1027.7901883757308
}