{
    "graph_name": "f71",
    "tests_ran": 30,
    "best_cost": 314.41472548497404,
    "average_cost": 325.0094696378304
}