{
    "graph_name": "tai100c",
    "tests_ran": 30,
    "best_cost": 1500.9216592178802,
    "average_cost": 1601.4401187872668
}