{
    "graph_name": "tai150d",
    "tests_ran": 30,
    "best_cost": 3004.117655386715,
    "average_cost": 3086.3785174148584
}