{
    "graph_name": "tai150c",
    "tests_ran": 30,
    "best_cost": 2541.8301789673246,
    "average_cost": 2759.514854386265
}