{
    "graph_name": "tai100d",
    "tests_ran": 30,
    "best_cost": 1778.110449549732,
    "average_cost": 1912.6053671307081
}