{
    "graph_name": "tai75b",
    "tests_ran": 30,
    "best_cost": 1453.3394473737799,
    "average_cost": 1566.5496431731885
}