{
    "graph_name": "c100",
    "number_of_tests": 30,
    "waiting_strategy": "drive_first",
    "alpha": 7.0,
    "best_cost": 1085.89453290856,
    "average_cost": 1207.0356483287806
}