{
    "graph_name": "c120",
    "number_of_tests": 30,
    "waiting_strategy": "drive_first",
    "alpha": 7.0,
    "best_cost": 1247.7924510242783,
    "average_cost": 1377.2450091469257
}