{
    "graph_name": "c150",
    "number_of_tests": 30,
    "waiting_strategy": "drive_first",
    "alpha": 7.0,
    "best_cost": 1331.5344063310858,
    "average_cost": 1409.6498164642874
}