{
    "graph_name": "c199",
    "number_of_tests": 30,
    "waiting_strategy": "drive_first",
    "alpha": 7.0,
    "best_cost": 1626.4834615794753,
    "average_cost": 1713.7637930238864
}