{
    "graph_name": "tai150a",
    "number_of_tests": 30,
    "waiting_strategy": "drive_first",
    "alpha": 7.0,
    "best_cost": 3337.3948091969805,
    "average_cost": 3490.285035495845
}