{
    "graph_name": "tai100a",
    "number_of_tests": 30,
    "waiting_strategy": "drive_first",
    "alpha": 7.0,
    "best_cost": 2317.880272499145,
    "average_cost": 2461.3200189799945
}