{
    "graph_name": "tai75d",
    "number_of_tests": 30,
    "waiting_strategy": "drive_first",
    "alpha": 7.0,
    "best_cost": 1456.9147907502443,
    "average_cost": 1540.5471292666678
}