{
    "graph_name": "tai75c",
    "number_of_tests": 30,
    "waiting_strategy": "drive_first",
    "alpha": 7.0,
    "best_cost": 1512.4898544262005,
    "average_cost": 1652.696115064849
}