{
    "graph_name": "c100",
    "tests_ran": 30,
    "best_cost": 937.3264104778168,
    "average_cost": 970.6419823589079
}