{
    "graph_name": "c100b",
    "tests_ran": 30,
    "best_cost": 914.0300013822749,
    "average_cost": 923.1961328305872
}