{
    "graph_name": "c120",
    "tests_ran": 30,
    "best_cost": 1094.8326499950965,
    "average_cost": 1221.6006773607119
}