{
    "graph_name": "c150",
    "tests_ran": 30,
    "best_cost": 1150.4639898307512,
    "average_cost": 1224.2321905711713
}