{
    "graph_name": "c199",
    "tests_ran": 30,
    "best_cost": 1470.734180397242,
    "average_cost": 1538.2275977084657
}