{
    "graph_name": "c50",
    "tests_ran": 30,
    "best_cost": 553.1768585341026,
    "average_cost": 603.5799811138376
}