{
    "graph_name": "c75",
    "tests_ran": 30,
    "best_cost": 895.9363952042918,
    "average_cost": 921.9155112733698
}