{
    "graph_name": "f134",
    "tests_ran": 30,
    "best_cost": 12996.030703129836,
    "average_cost": 13196.24277030319
}