{
    "graph_name": "f71",
    "tests_ran": 30,
    "best_cost": 295.90467648563543,
    "average_cost": 332.37561438390765,
    "relative_deviation": 0.08613437275910904,
    "relative_deviation_best": -0.03304506623644377
}