{
    "graph_name": "tai150d",
    "tests_ran": 30,
    "best_cost": 3532.7384504142924,
    "average_cost": 3650.484251928601
}