{
    "graph_name": "tai150c",
    "tests_ran": 30,
    "best_cost": 2618.8824749865803,
    "average_cost": 2725.6156549563084,
    "relative_deviation": 0.10494617362134227,
    "relative_deviation_best": 0.06167726349766614
}