{
    "graph_name": "tai100b",
    "tests_ran": 30,
    "best_cost": 2419.789662736231,
    "average_cost": 2512.5269933021686
}