{
    "graph_name": "tai100a",
    "tests_ran": 30,
    "best_cost": 2170.540260702565,
    "average_cost": 2278.473105360229,
    "relative_deviation": 0.04373764628499684,
    "relative_deviation_best": -0.005704926890350765
}