{
    "graph_name": "tai150a",
    "tests_ran": 30,
    "best_cost": 3648.8676043476057,
    "average_cost": 3721.4104346288073
}