{
    "graph_name": "tai150d",
    "tests_ran": 30,
    "best_cost": 3532.7384504142924,
    "average_cost": 3650.484251928601,
    "relative_deviation": 0.2873338346540296,
    "relative_deviation_best": 0.24581108213215622
}