{
    "graph_name": "tai100c",
    "tests_ran": 30,
    "best_cost": 1455.196839817088,
    "average_cost": 1482.7965191548105,
    "relative_deviation": 0.02282156177480029,
    "relative_deviation_best": 0.0037835165946134204
}