{
    "graph_name": "tai150c",
    "tests_ran": 30,
    "best_cost": 2618.8824749865803,
    "average_cost": 2725.6156549563084
}