{
    "graph_name": "tai150a",
    "tests_ran": 30,
    "best_cost": 3648.8676043476057,
    "average_cost": 3721.4104346288073,
    "relative_deviation": 0.12939295214888505,
    "relative_deviation_best": 0.1073772775309646
}