{
    "graph_name": "tai100a",
    "tests_ran": 30,
    "best_cost": 2170.540260702565,
    "average_cost": 2278.473105360229
}