{
    "graph_name": "tai150b",
    "tests_ran": 30,
    "best_cost": 2965.003494800745,
    "average_cost": 3040.251629992882
}