{
    "graph_name": "tai75a",
    "tests_ran": 30,
    "best_cost": 1755.4111656139016,
    "average_cost": 1824.452546549104
}