{
    "graph_name": "tai75b",
    "tests_ran": 30,
    "best_cost": 1389.838272286274,
    "average_cost": 1407.9506728529263
}