{
    "graph_name": "tai75d",
    "tests_ran": 30,
    "best_cost": 1634.7474523171786,
    "average_cost": 1672.3143552516376,
    "relative_deviation": 0.17834690274028137,
    "relative_deviation_best": 0.15187649448279583
}