{
    "graph_name": "tai75b",
    "tests_ran": 30,
    "best_cost": 1389.838272286274,
    "average_cost": 1407.9506728529263,
    "relative_deviation": 0.02589941880676645,
    "relative_deviation_best": 0.012701867519779784
}