{
    "graph_name": "c100b",
    "number_of_tests": 30,
    "waiting_strategy": "wait_first",
    "wait_margin": 0.09,
    "best_cost": 819.5575441861982,
    "average_cost": 844.5675601060983,
    "relative_deviation": 0.00799505712939897
}