{
    "graph_name": "f71",
    "number_of_tests": 30,
    "waiting_strategy": "wait_first",
    "wait_margin": 0.09,
    "best_cost": 273.15384615588675,
    "average_cost": 292.3242868046837
}