{
    "graph_name": "tai150d",
    "number_of_tests": 30,
    "waiting_strategy": "wait_first",
    "wait_margin": 0.09,
    "best_cost": 2743.3838872666274,
    "average_cost": 2828.0748719077947,
    "relative_deviation": -0.0026867072174478666
}