{
    "graph_name": "c100",
    "number_of_tests": 30,
    "waiting_strategy": "wait_first",
    "wait_margin": 0.07,
    "best_cost": 891.5380149810617,
    "average_cost": 935.5677921457883,
    "relative_deviation": -0.021395107921809757,
    "relative_deviation_best": -0.06745030102726005
}