{
    "graph_name": "c120",
    "number_of_tests": 30,
    "waiting_strategy": "wait_first",
    "wait_margin": 0.07,
    "best_cost": 1075.7947391197129,
    "average_cost": 1192.4437374937588,
    "relative_deviation": -0.01681901814313877
}