{
    "graph_name": "c50",
    "number_of_tests": 30,
    "waiting_strategy": "wait_first",
    "wait_margin": 0.07,
    "best_cost": 566.7679792827957,
    "average_cost": 601.9716527921829,
    "relative_deviation": 0.016129250657629095,
    "relative_deviation_best": -0.043294614598429225
}