{
    "graph_name": "c75",
    "number_of_tests": 30,
    "waiting_strategy": "wait_first",
    "wait_margin": 0.07,
    "best_cost": 875.8467816683864,
    "average_cost": 900.6529387227434
}