{
    "graph_name": "f71",
    "number_of_tests": 30,
    "waiting_strategy": "wait_first",
    "wait_margin": 0.07,
    "best_cost": 274.07292775286277,
    "average_cost": 292.08241167907823,
    "relative_deviation": -0.045535432582616435
}