{
    "graph_name": "tai100c",
    "number_of_tests": 30,
    "waiting_strategy": "wait_first",
    "wait_margin": 0.07,
    "best_cost": 1418.0563854440184,
    "average_cost": 1448.6838973215288
}