{
    "graph_name": "tai150a",
    "number_of_tests": 30,
    "waiting_strategy": "wait_first",
    "wait_margin": 0.07,
    "best_cost": 3173.102675598296,
    "average_cost": 3284.2429555137633,
    "relative_deviation": -0.0032809032331733803
}