{
    "graph_name": "tai75b",
    "number_of_tests": 30,
    "waiting_strategy": "wait_first",
    "wait_margin": 0.07,
    "best_cost": 1351.4702584443983,
    "average_cost": 1373.9765069132832
}