{
    "graph_name": "c100b",
    "number_of_tests": 30,
    "waiting_strategy": "wait_first",
    "alpha": 7.0,
    "best_cost": 819.5575441862993,
    "average_cost": 847.1402351482915
}