{
    "graph_name": "tai100a",
    "number_of_tests": 30,
    "waiting_strategy": "wait_first",
    "alpha": 7.0,
    "best_cost": 2207.427271831795,
    "average_cost": 2329.198349467494
}