{
    "graph_name": "tai150b",
    "number_of_tests": 30,
    "waiting_strategy": "wait_first",
    "alpha": 7.0,
    "best_cost": 2900.572636709252,
    "average_cost": 3009.8769990975834
}