{
    "graph_name": "tai75a",
    "number_of_tests": 30,
    "waiting_strategy": "wait_first",
    "alpha": 7.0,
    "best_cost": 1726.9821191970188,
    "average_cost": 1829.181965246876
}