{
    "graph_name": "tai100c",
    "number_of_tests": 30,
    "waiting_strategy": "wait_first",
    "alpha": 10.0,
    "best_cost": 1427.9715457377067,
    "average_cost": 1449.6310289319872
}