{
    "graph_name": "tai100a",
    "number_of_tests": 30,
    "waiting_strategy": "wait_first",
    "alpha": 10.0,
    "best_cost": 2168.3547069032875,
    "average_cost": 2346.9609579480507
}