{
    "graph_name": "tai75b",
    "number_of_tests": 30,
    "waiting_strategy": "wait_first",
    "alpha": 10.0,
    "best_cost": 1373.2750394909676,
    "average_cost": 1404.0798915967928
}