{
    "graph_name": "c199",
    "number_of_tests": 30,
    "waiting_strategy": "wait_first",
    "wait_margin": 0.08,
    "best_cost": 1387.7409319986466,
    "average_cost": 1435.6878108912606,
    "relative_deviation": -0.016504017762722416
}