{
    "graph_name": "c75",
    "number_of_tests": 30,
    "waiting_strategy": "wait_first",
    "wait_margin": 0.08,
    "best_cost": 876.4647396835423,
    "average_cost": 905.0144082291606,
    "relative_deviation": -0.0005437969487667066
}