{
    "graph_name": "f134",
    "number_of_tests": 30,
    "waiting_strategy": "wait_first",
    "wait_margin": 0.08,
    "best_cost": 11693.503186686943,
    "average_cost": 11867.472984827411,
    "relative_deviation": 0.003782215219754334
}