{
    "graph_name": "f71",
    "number_of_tests": 30,
    "waiting_strategy": "wait_first",
    "wait_margin": 0.08,
    "best_cost": 273.17662602001576,
    "average_cost": 290.61724767901774,
    "relative_deviation": -0.0503232837766479
}