{
    "graph_name": "tai150c",
    "number_of_tests": 30,
    "waiting_strategy": "wait_first",
    "wait_margin": 0.08,
    "best_cost": 2405.1247275554765,
    "average_cost": 2471.4240071025333,
    "relative_deviation": 0.0018985967732283863,
    "relative_deviation_best": -0.0249786832703317
}