{
    "graph_name": "tai75b",
    "number_of_tests": 30,
    "waiting_strategy": "wait_first",
    "wait_margin": 0.08,
    "best_cost": 1350.3251137394832,
    "average_cost": 1371.549682790702,
    "relative_deviation": -0.0006240633498614234
}