{
    "graph_name": "tai75a",
    "number_of_tests": 30,
    "waiting_strategy": "wait_first",
    "wait_margin": 0.08,
    "best_cost": 1685.4969930821871,
    "average_cost": 1727.6022083722967,
    "relative_deviation": -0.011311214063963022
}