{
    "graph_name": "c100b",
    "number_of_tests": 30,
    "waiting_strategy": "wait_first",
    "wait_margin": 0.16,
    "best_cost": 824.8838726893958,
    "average_cost": 858.5468278199007,
    "relative_deviation": 0.024679373960170035
}