{
    "graph_name": "tai150d",
    "number_of_tests": 30,
    "waiting_strategy": "wait_first",
    "wait_margin": 0.16,
    "best_cost": 2773.347902910027,
    "average_cost": 2837.7748162602875,
    "relative_deviation": 0.0007339530833404994
}