{
    "graph_name": "c100",
    "tests_ran": 30,
    "best_cost": 917.0705265310712,
    "average_cost": 956.0219857055821,
    "relative_deviation": 0.0,
    "relative_deviation_best": -0.04074326716007809
}