{
    "graph_name": "c100b",
    "number_of_tests": 30,
    "waiting_strategy": "wait_first",
    "wait_margin": 0.0,
    "best_cost": 819.5575441861336,
    "average_cost": 828.494497000758,
    "relative_deviation": -0.011188213609861553
}