{
    "graph_name": "c150",
    "number_of_tests": 30,
    "waiting_strategy": "wait_first",
    "wait_margin": 0.0,
    "best_cost": 1154.545119454993,
    "average_cost": 1198.6780595136458,
    "relative_deviation": 0.006286827751313197
}