{
    "graph_name": "tai100a",
    "number_of_tests": 30,
    "waiting_strategy": "wait_first",
    "wait_margin": 0.0,
    "best_cost": 2119.894172244172,
    "average_cost": 2182.0129055424322
}