{
    "graph_name": "tai100c",
    "number_of_tests": 30,
    "waiting_strategy": "wait_first",
    "wait_margin": 0.0,
    "best_cost": 1428.5576242622512,
    "average_cost": 1449.4055884581574
}