{
    "graph_name": "tai150c",
    "number_of_tests": 30,
    "waiting_strategy": "wait_first",
    "wait_margin": 0.0,
    "best_cost": 2432.2723856539974,
    "average_cost": 2489.5160589358397
}