{
    "graph_name": "tai75b",
    "number_of_tests": 30,
    "waiting_strategy": "wait_first",
    "wait_margin": 0.0,
    "best_cost": 1355.0838314301045,
    "average_cost": 1371.3457225426534
}