{
    "graph_name": "c100",
    "tests_ran": 30,
    "best_cost": 982.2328086228907,
    "average_cost": 1027.8706164338155
}