{
    "graph_name": "c100b",
    "tests_ran": 30,
    "best_cost": 902.5713672538229,
    "average_cost": 927.7993599083999
}