{
    "graph_name": "c120",
    "tests_ran": 30,
    "best_cost": 1228.5067080178837,
    "average_cost": 1353.9610291105391
}