{
    "graph_name": "c199",
    "tests_ran": 30,
    "best_cost": 1635.9216465029338,
    "average_cost": 1699.8570652238373,
    "relative_deviation": 0.003588681421147884
}