{
    "graph_name": "c75",
    "tests_ran": 30,
    "best_cost": 986.0511809689431,
    "average_cost": 1024.821042939441
}