{
    "graph_name": "f134",
    "tests_ran": 30,
    "best_cost": 15741.117452272834,
    "average_cost": 16381.918902702064
}