{
    "graph_name": "tai100c",
    "tests_ran": 30,
    "best_cost": 1515.8860540968356,
    "average_cost": 1576.34803604052
}