{
    "graph_name": "tai100d",
    "tests_ran": 30,
    "best_cost": 1780.8979279244231,
    "average_cost": 1908.8160296034193
}