{
    "graph_name": "tai150a",
    "tests_ran": 30,
    "best_cost": 3306.651548524176,
    "average_cost": 3422.815511942242
}