{
    "graph_name": "tai150d",
    "tests_ran": 30,
    "best_cost": 3001.0896850985037,
    "average_cost": 3074.331774275243
}