{
    "graph_name": "tai150b",
    "tests_ran": 30,
    "best_cost": 2929.984554281763,
    "average_cost": 3028.014043317353
}