{
    "graph_name": "tai100b",
    "tests_ran": 30,
    "best_cost": 2171.4235902475643,
    "average_cost": 2321.429684510214
}