{
    "graph_name": "tai150c",
    "tests_ran": 30,
    "best_cost": 2600.3913856862378,
    "average_cost": 2872.7943391815006
}