{
    "graph_name": "tai100a",
    "tests_ran": 30,
    "best_cost": 2201.9850607083567,
    "average_cost": 2376.8971347222305,
    "relative_deviation": 0.02716097997405139
}