{
    "graph_name": "tai75d",
    "tests_ran": 30,
    "best_cost": 1488.9229140893308,
    "average_cost": 1558.7255256046467
}