{
    "graph_name": "tai75b",
    "tests_ran": 30,
    "best_cost": 1444.3852420921498,
    "average_cost": 1594.8209305884568
}