{
    "graph_name": "tai75c",
    "tests_ran": 30,
    "best_cost": 1630.7559529966793,
    "average_cost": 1691.7156512504791
}