{
    "graph_name": "tai75a",
    "tests_ran": 30,
    "best_cost": 1745.2616602420305,
    "average_cost": 1833.290001115256
}