{
    "graph_name": "c100b",
    "number_of_tests": 30,
    "waiting_strategy": "wait_first",
    "wait_margin": 0.11,
    "best_cost": 819.5575441860426,
    "average_cost": 850.8545584586046,
    "relative_deviation": 0.015498617013596899
}