{
    "graph_name": "c100",
    "number_of_tests": 30,
    "waiting_strategy": "wait_first",
    "wait_margin": 0.11,
    "best_cost": 905.50555747436,
    "average_cost": 942.40625995041,
    "relative_deviation": -0.01424206342401545
}