{
    "graph_name": "c120",
    "number_of_tests": 30,
    "waiting_strategy": "wait_first",
    "wait_margin": 0.11,
    "best_cost": 1100.411040967957,
    "average_cost": 1198.707802733365,
    "relative_deviation": -0.011654237936706837
}