{
    "graph_name": "c150",
    "number_of_tests": 30,
    "waiting_strategy": "wait_first",
    "wait_margin": 0.11,
    "best_cost": 1104.8759083250202,
    "average_cost": 1155.5310753191009,
    "relative_deviation": -0.029934942979838192
}