{
    "graph_name": "c50",
    "number_of_tests": 30,
    "waiting_strategy": "wait_first",
    "wait_margin": 0.11,
    "best_cost": 569.6653727753063,
    "average_cost": 599.5330030685401,
    "relative_deviation": 0.012012805464889973
}