{
    "graph_name": "tai100c",
    "number_of_tests": 30,
    "waiting_strategy": "wait_first",
    "wait_margin": 0.11,
    "best_cost": 1425.5673401094114,
    "average_cost": 1451.1389101564864
}