{
    "graph_name": "tai150b",
    "number_of_tests": 30,
    "waiting_strategy": "wait_first",
    "wait_margin": 0.11,
    "best_cost": 2841.865953711175,
    "average_cost": 2932.0202801669175
}