{
    "graph_name": "tai75c",
    "number_of_tests": 30,
    "waiting_strategy": "wait_first",
    "wait_margin": 0.11,
    "best_cost": 1406.7498005319167,
    "average_cost": 1477.0708573875784,
    "relative_deviation": -0.03628580670781307
}