{
    "graph_name": "tai75b",
    "number_of_tests": 30,
    "waiting_strategy": "wait_first",
    "wait_margin": 0.11,
    "best_cost": 1362.5628334841201,
    "average_cost": 1380.2049999455185,
    "relative_deviation": 0.0056826098951052745,
    "relative_deviation_best": -0.00717230659324489
}