{
    "graph_name": "c100b",
    "number_of_tests": 30,
    "waiting_strategy": "drive_first",
    "alpha": 0.5,
    "best_cost": 868.1253657029334,
    "average_cost": 901.3112529418189
}