{
    "graph_name": "c120",
    "number_of_tests": 30,
    "waiting_strategy": "drive_first",
    "alpha": 0.5,
    "best_cost": 1173.5143082705017,
    "average_cost": 1365.2734474625165
}