{
    "graph_name": "c150",
    "number_of_tests": 30,
    "waiting_strategy": "drive_first",
    "alpha": 0.5,
    "best_cost": 1317.9725098753854,
    "average_cost": 1374.632826624687
}