{
    "graph_name": "tai150b",
    "number_of_tests": 30,
    "waiting_strategy": "drive_first",
    "alpha": 0.5,
    "best_cost": 2965.9736451088065,
    "average_cost": 3098.6251152366526
}