{
    "graph_name": "tai75d",
    "number_of_tests": 30,
    "waiting_strategy": "drive_first",
    "alpha": 0.5,
    "best_cost": 1467.4792474917651,
    "average_cost": 1554.1704034733275
}