{
    "graph_name": "tai75c",
    "number_of_tests": 30,
    "waiting_strategy": "drive_first",
    "alpha": 0.5,
    "best_cost": 1496.8305044529486,
    "average_cost": 1611.0059911368166
}