{
    "graph_name": "c150",
    "number_of_tests": 30,
    "waiting_strategy": "wait_first",
    "wait_margin": 0.04,
    "best_cost": 1118.7866080722126,
    "average_cost": 1166.5255306781157,
    "relative_deviation": -0.020705128920702538
}