{
    "graph_name": "c75",
    "number_of_tests": 30,
    "waiting_strategy": "wait_first",
    "wait_margin": 0.04,
    "best_cost": 875.0150654685185,
    "average_cost": 900.185944823388,
    "relative_deviation": -0.005876129404719545
}