{
    "graph_name": "f134",
    "number_of_tests": 30,
    "waiting_strategy": "wait_first",
    "wait_margin": 0.04,
    "best_cost": 11692.146812491832,
    "average_cost": 11806.543510341438,
    "relative_deviation": -0.0013713606889414914
}