{
    "graph_name": "tai150d",
    "number_of_tests": 30,
    "waiting_strategy": "wait_first",
    "wait_margin": 0.04,
    "best_cost": 2765.9499405800248,
    "average_cost": 2832.923913829904,
    "relative_deviation": -0.0009767051187703428
}