{
    "graph_name": "tai150c",
    "number_of_tests": 30,
    "waiting_strategy": "wait_first",
    "wait_margin": 0.04,
    "best_cost": 2402.986886859532,
    "average_cost": 2464.2439912211444
}