{
    "graph_name": "tai75a",
    "number_of_tests": 30,
    "waiting_strategy": "wait_first",
    "wait_margin": 0.04,
    "best_cost": 1690.5589085567244,
    "average_cost": 1741.9000728708513,
    "relative_deviation": -0.0031286948335247427
}