{
    "graph_name": "tai75d",
    "number_of_tests": 30,
    "waiting_strategy": "wait_first",
    "wait_margin": 0.04,
    "best_cost": 1406.9649552686722,
    "average_cost": 1432.4450247095224,
    "relative_deviation": 0.009330065792687699
}