{
    "graph_name": "c100",
    "number_of_tests": 30,
    "waiting_strategy": "wait_first",
    "alpha": 0.5,
    "best_cost": 925.8634311722316,
    "average_cost": 956.6760748225933
}