{
    "graph_name": "c75",
    "number_of_tests": 30,
    "waiting_strategy": "wait_first",
    "alpha": 0.5,
    "best_cost": 885.8805998506359,
    "average_cost": 905.1979414277674
}