{
    "graph_name": "tai100c",
    "number_of_tests": 30,
    "waiting_strategy": "wait_first",
    "alpha": 0.5,
    "best_cost": 1429.3363821943067,
    "average_cost": 1446.172781844423
}