{
    "graph_name": "tai150a",
    "number_of_tests": 30,
    "waiting_strategy": "wait_first",
    "alpha": 0.5,
    "best_cost": 3207.9481467403816,
    "average_cost": 3321.49114898654
}