{
    "graph_name": "tai150b",
    "number_of_tests": 30,
    "waiting_strategy": "wait_first",
    "alpha": 0.5,
    "best_cost": 2887.3215951391844,
    "average_cost": 2969.358738425786
}