{
    "graph_name": "tai75a",
    "number_of_tests": 30,
    "waiting_strategy": "wait_first",
    "alpha": 0.5,
    "best_cost": 1679.0930797200044,
    "average_cost": 1758.7827352869292
}