{
    "graph_name": "c75",
    "number_of_tests": 30,
    "waiting_strategy": "wait_first",
    "wait_margin": 0.13,
    "best_cost": 889.3198089062121,
    "average_cost": 912.0300595981425,
    "relative_deviation": 0.0072039650928276515
}