{
    "graph_name": "f134",
    "number_of_tests": 30,
    "waiting_strategy": "wait_first",
    "wait_margin": 0.13,
    "best_cost": 11702.348560740038,
    "average_cost": 11878.080191596766
}