{
    "graph_name": "f71",
    "number_of_tests": 30,
    "waiting_strategy": "wait_first",
    "wait_margin": 0.13,
    "best_cost": 273.41635226062334,
    "average_cost": 289.2062344117413,
    "relative_deviation": -0.054934181639443254
}