{
    "graph_name": "tai100b",
    "number_of_tests": 30,
    "waiting_strategy": "wait_first",
    "wait_margin": 0.13,
    "best_cost": 2009.0156870138326,
    "average_cost": 2099.878588889583
}