{
    "graph_name": "tai75c",
    "number_of_tests": 30,
    "waiting_strategy": "wait_first",
    "wait_margin": 0.13,
    "best_cost": 1427.2434143726396,
    "average_cost": 1486.481740347715
}