{
    "graph_name": "c120",
    "number_of_tests": 30,
    "waiting_strategy": "drive_first",
    "alpha": 0.1,
    "best_cost": 1228.4476176977591,
    "average_cost": 1363.4785393324316
}