{
    "graph_name": "c199",
    "number_of_tests": 30,
    "waiting_strategy": "drive_first",
    "alpha": 0.1,
    "best_cost": 1629.9513003418128,
    "average_cost": 1691.0552029983469
}