{
    "graph_name": "f134",
    "number_of_tests": 30,
    "waiting_strategy": "drive_first",
    "alpha": 0.1,
    "best_cost": 15790.8555809748,
    "average_cost": 16189.147461427989
}