{
    "graph_name": "tai150c",
    "number_of_tests": 30,
    "waiting_strategy": "drive_first",
    "alpha": 0.1,
    "best_cost": 2595.329647357533,
    "average_cost": 2826.4333660822126
}