{
    "graph_name": "tai150a",
    "number_of_tests": 30,
    "waiting_strategy": "drive_first",
    "alpha": 0.1,
    "best_cost": 3339.464818559436,
    "average_cost": 3427.844170197154
}