{
    "graph_name": "tai75c",
    "number_of_tests": 30,
    "waiting_strategy": "drive_first",
    "alpha": 0.1,
    "best_cost": 1479.575654603653,
    "average_cost": 1600.1163592731173
}