{
    "graph_name": "c100b",
    "number_of_tests": 30,
    "waiting_strategy": "wait_first",
    "alpha": 6.0,
    "best_cost": 819.5575441860547,
    "average_cost": 839.9001568072173
}