{
    "graph_name": "c150",
    "number_of_tests": 30,
    "waiting_strategy": "wait_first",
    "alpha": 6.0,
    "best_cost": 1169.1874272866821,
    "average_cost": 1229.149162200636
}