{
    "graph_name": "c199",
    "number_of_tests": 30,
    "waiting_strategy": "wait_first",
    "alpha": 6.0,
    "best_cost": 1413.7679565251206,
    "average_cost": 1463.1212345276872
}