{
    "graph_name": "tai150c",
    "number_of_tests": 30,
    "waiting_strategy": "wait_first",
    "alpha": 6.0,
    "best_cost": 2447.754500509416,
    "average_cost": 2559.232869225054
}