{
    "graph_name": "tai150a",
    "number_of_tests": 30,
    "waiting_strategy": "wait_first",
    "alpha": 6.0,
    "best_cost": 3253.5277581770933,
    "average_cost": 3362.1305825871514
}