{
    "graph_name": "c100b",
    "tests_ran": 30,
    "best_cost": 819.5575441857202,
    "average_cost": 837.8687515703551
}