{
    "graph_name": "c75",
    "tests_ran": 30,
    "best_cost": 869.0936777416041,
    "average_cost": 905.5068200750048
}