{
    "graph_name": "f71",
    "tests_ran": 30,
    "best_cost": 290.28802390491865,
    "average_cost": 306.0170294947699
}