{
    "graph_name": "tai100c",
    "tests_ran": 30,
    "best_cost": 1429.2448350255281,
    "average_cost": 1449.7118310469145
}