{
    "graph_name": "tai150d",
    "tests_ran": 30,
    "best_cost": 2768.1660695702544,
    "average_cost": 2835.6935502356832
}