{
    "graph_name": "tai150b",
    "tests_ran": 30,
    "best_cost": 2878.2943940594782,
    "average_cost": 2952.96625756772,
    "relative_deviation": -0.03978683519000334
}