{
    "graph_name": "tai100b",
    "tests_ran": 30,
    "best_cost": 2100.5332680469637,
    "average_cost": 2174.1413498245397
}