{
    "graph_name": "tai150c",
    "tests_ran": 30,
    "best_cost": 2396.5311103216636,
    "average_cost": 2466.7406612427067,
    "relative_deviation": -0.1060962555349873
}