{
    "graph_name": "tai100d",
    "tests_ran": 30,
    "best_cost": 1706.737432401493,
    "average_cost": 1765.7418861199985
}