{
    "graph_name": "tai75a",
    "tests_ran": 30,
    "best_cost": 1672.0414820591573,
    "average_cost": 1747.367051136012
}