{
    "graph_name": "tai75c",
    "tests_ran": 30,
    "best_cost": 1452.8015653544019,
    "average_cost": 1532.6855904671186
}