{
    "graph_name": "tai75b",
    "tests_ran": 30,
    "best_cost": 1357.9769551505303,
    "average_cost": 1372.406151170772
}