{
    "graph_name": "tai75d",
    "tests_ran": 30,
    "best_cost": 1401.8597019296903,
    "average_cost": 1419.203760253131
}