{
    "graph_name": "c100b",
    "tests_ran": 30,
    "best_cost": 819.5575441858232,
    "average_cost": 844.7537919062845
}