{
    "graph_name": "c100",
    "tests_ran": 30,
    "best_cost": 902.8325987790925,
    "average_cost": 955.8725885488614
}