{
    "graph_name": "c120",
    "tests_ran": 30,
    "best_cost": 1104.2817617018577,
    "average_cost": 1222.3124087847739
}