{
    "graph_name": "c150",
    "tests_ran": 30,
    "best_cost": 1150.2669960137368,
    "average_cost": 1212.2687749079828
}