{
    "graph_name": "c199",
    "tests_ran": 30,
    "best_cost": 1417.553027836111,
    "average_cost": 1450.3975618260845
}