{
    "graph_name": "c75",
    "tests_ran": 30,
    "best_cost": 881.8831032084378,
    "average_cost": 913.5480793852064
}