{
    "graph_name": "f134",
    "tests_ran": 30,
    "best_cost": 11687.760340495319,
    "average_cost": 11798.56262856191,
    "relative_deviation": -0.002046404752855097
}