{
    "graph_name": "f71",
    "tests_ran": 30,
    "best_cost": 292.04595300294113,
    "average_cost": 317.0266557615447,
    "relative_deviation": 0.03597716860709216
}