{
    "graph_name": "tai100d",
    "tests_ran": 30,
    "best_cost": 1721.280456194454,
    "average_cost": 1801.0207705896164
}