{
    "graph_name": "tai150c",
    "tests_ran": 30,
    "best_cost": 2441.1580706722634,
    "average_cost": 2505.3198164560667,
    "relative_deviation": 0.015639728901993485
}