{
    "graph_name": "tai100b",
    "tests_ran": 30,
    "best_cost": 2089.8408590548815,
    "average_cost": 2184.793243620291,
    "relative_deviation": 0.004899356611110342
}