{
    "graph_name": "tai150d",
    "tests_ran": 30,
    "best_cost": 2827.355802865583,
    "average_cost": 2867.3281010054798
}