{
    "graph_name": "tai150a",
    "tests_ran": 30,
    "best_cost": 3239.0966285181207,
    "average_cost": 3310.647964912655
}