{
    "graph_name": "tai100c",
    "tests_ran": 30,
    "best_cost": 1434.0940870418228,
    "average_cost": 1448.4707633338483,
    "relative_deviation": -0.000856078902363682
}