{
    "graph_name": "tai150b",
    "tests_ran": 30,
    "best_cost": 2919.763759322565,
    "average_cost": 2990.440854408171
}