{
    "graph_name": "tai100a",
    "tests_ran": 30,
    "best_cost": 2126.731548027986,
    "average_cost": 2195.06216028116
}