{
    "graph_name": "tai75d",
    "tests_ran": 30,
    "best_cost": 1415.5583846968693,
    "average_cost": 1436.7743394965194
}