{
    "graph_name": "tai75b",
    "tests_ran": 30,
    "best_cost": 1348.8864575786963,
    "average_cost": 1372.887128333237
}