{
    "graph_name": "tai75a",
    "tests_ran": 30,
    "best_cost": 1687.686461193581,
    "average_cost": 1779.1391958903964
}