{
    "graph_name": "tai75c",
    "tests_ran": 30,
    "best_cost": 1485.9216668638846,
    "average_cost": 1567.6023100292882,
    "relative_deviation": 0.022781397423804337
}