{
    "graph_name": "f134",
    "number_of_tests": 30,
    "waiting_strategy": "wait_first",
    "alpha": 2.0,
    "best_cost": 11704.919815523053,
    "average_cost": 11824.496836887549
}