{
    "graph_name": "tai150d",
    "number_of_tests": 30,
    "waiting_strategy": "wait_first",
    "alpha": 2.0,
    "best_cost": 2755.8636690656085,
    "average_cost": 2880.8460589672086
}