{
    "graph_name": "tai100d",
    "number_of_tests": 30,
    "waiting_strategy": "wait_first",
    "alpha": 2.0,
    "best_cost": 1699.7404976341436,
    "average_cost": 1787.511323111515
}