{
    "graph_name": "tai75d",
    "number_of_tests": 30,
    "waiting_strategy": "wait_first",
    "alpha": 2.0,
    "best_cost": 1400.411732546414,
    "average_cost": 1442.4532529034961
}