{
    "graph_name": "tai75b",
    "number_of_tests": 30,
    "waiting_strategy": "wait_first",
    "alpha": 2.0,
    "best_cost": 1363.1519755869492,
    "average_cost": 1377.381044700876
}