{
    "graph_name": "c100b",
    "tests_ran": 30,
    "best_cost": 848.1370151168554,
    "average_cost": 892.9683436226973
}