{
    "graph_name": "c100",
    "tests_ran": 30,
    "best_cost": 934.4857750254961,
    "average_cost": 976.1038837140331
}