{
    "graph_name": "c150",
    "tests_ran": 30,
    "best_cost": 1196.5299132095424,
    "average_cost": 1244.8163493770471
}