{
    "graph_name": "c199",
    "tests_ran": 30,
    "best_cost": 1484.3571120833615,
    "average_cost": 1542.743654124651
}