{
    "graph_name": "c75",
    "tests_ran": 30,
    "best_cost": 932.0205415659873,
    "average_cost": 981.3088688784985
}