{
    "graph_name": "f134",
    "tests_ran": 30,
    "best_cost": 12456.204798066177,
    "average_cost": 12996.091110275518,
    "relative_deviation": -0.1904384778675629
}