{
    "graph_name": "f71",
    "tests_ran": 30,
    "best_cost": 285.77785147681396,
    "average_cost": 311.0166065011907
}