{
    "graph_name": "tai100b",
    "tests_ran": 30,
    "best_cost": 2068.875057430685,
    "average_cost": 2171.3975772913573
}