{
    "graph_name": "tai150a",
    "tests_ran": 30,
    "best_cost": 3286.385163522944,
    "average_cost": 3366.333897506099
}