{
    "graph_name": "tai150b",
    "tests_ran": 30,
    "best_cost": 2890.7249860869247,
    "average_cost": 2959.398005677156,
    "relative_deviation": -0.037695429915190135
}