{
    "graph_name": "tai100a",
    "tests_ran": 30,
    "best_cost": 2139.904112595792,
    "average_cost": 2258.557247866929
}