{
    "graph_name": "tai150d",
    "tests_ran": 30,
    "best_cost": 2765.4037950886736,
    "average_cost": 2885.4794518170456
}