{
    "graph_name": "tai150c",
    "tests_ran": 30,
    "best_cost": 2555.6808656686353,
    "average_cost": 2698.9819572901547
}