{
    "graph_name": "tai75a",
    "tests_ran": 30,
    "best_cost": 1711.5952330935306,
    "average_cost": 1749.78027540363,
    "relative_deviation": -0.044578692657104894
}