{
    "graph_name": "tai75c",
    "tests_ran": 30,
    "best_cost": 1432.5681498287431,
    "average_cost": 1550.7824846410697
}