{
    "graph_name": "tai100c",
    "number_of_tests": 30,
    "waiting_strategy": "wait_first",
    "alpha": 0.1,
    "best_cost": 1429.5380443098352,
    "average_cost": 1446.8716373201325
}