{
    "graph_name": "tai75a",
    "number_of_tests": 30,
    "waiting_strategy": "wait_first",
    "alpha": 0.1,
    "best_cost": 1679.6314578182396,
    "average_cost": 1755.9997314471873
}