{
    "graph_name": "c100b",
    "number_of_tests": 30,
    "waiting_strategy": "wait_first",
    "wait_margin": 0.01,
    "best_cost": 819.5575441859796,
    "average_cost": 841.7445975185072
}