{
    "graph_name": "c150",
    "number_of_tests": 30,
    "waiting_strategy": "wait_first",
    "wait_margin": 0.01,
    "best_cost": 1144.809662668521,
    "average_cost": 1186.3467068836464
}