{
    "graph_name": "tai100c",
    "number_of_tests": 30,
    "waiting_strategy": "wait_first",
    "wait_margin": 0.01,
    "best_cost": 1424.3226846665093,
    "average_cost": 1444.6803781215763
}