{
    "graph_name": "tai150b",
    "number_of_tests": 30,
    "waiting_strategy": "wait_first",
    "wait_margin": 0.01,
    "best_cost": 2855.5063387678815,
    "average_cost": 2949.3733790777183
}