{
    "graph_name": "tai75d",
    "number_of_tests": 30,
    "waiting_strategy": "wait_first",
    "wait_margin": 0.01,
    "best_cost": 1396.6008585717184,
    "average_cost": 1419.6717955446527
}