{
    "graph_name": "c100",
    "number_of_tests": 30,
    "waiting_strategy": "drive_first",
    "alpha": 5.0,
    "best_cost": 1069.2655719859245,
    "average_cost": 1161.7462544128073
}