{
    "graph_name": "c120",
    "number_of_tests": 30,
    "waiting_strategy": "drive_first",
    "alpha": 5.0,
    "best_cost": 1246.5918985526523,
    "average_cost": 1365.1025183021243
}