{
    "graph_name": "c75",
    "number_of_tests": 30,
    "waiting_strategy": "drive_first",
    "alpha": 5.0,
    "best_cost": 969.0970569217759,
    "average_cost": 1037.1038965693153
}