{
    "graph_name": "tai100d",
    "number_of_tests": 30,
    "waiting_strategy": "drive_first",
    "alpha": 5.0,
    "best_cost": 1813.5401556262054,
    "average_cost": 1939.3464374099426
}