{
    "graph_name": "tai100a",
    "number_of_tests": 30,
    "waiting_strategy": "drive_first",
    "alpha": 5.0,
    "best_cost": 2234.7602954984695,
    "average_cost": 2436.4942128528364
}