{
    "graph_name": "tai150a",
    "number_of_tests": 30,
    "waiting_strategy": "drive_first",
    "alpha": 5.0,
    "best_cost": 3368.878373181941,
    "average_cost": 3480.9904376248896
}