{
    "graph_name": "tai75b",
    "number_of_tests": 30,
    "waiting_strategy": "wait_first",
    "wait_margin": 0.2,
    "best_cost": 1360.4086904485919,
    "average_cost": 1385.061576505377,
    "relative_deviation": 0.00922134116333474,
    "relative_deviation_best": -0.008741917042520852
}