{
    "graph_name": "tai75d",
    "number_of_tests": 30,
    "waiting_strategy": "wait_first",
    "wait_margin": 0.2,
    "best_cost": 1416.9737682148896,
    "average_cost": 1448.2845389802326,
    "relative_deviation": 0.02049091155304916
}