{
    "graph_name": "c199",
    "number_of_tests": 30,
    "waiting_strategy": "wait_first",
    "wait_margin": 0.1,
    "best_cost": 1400.6761122800044,
    "average_cost": 1435.074697907274,
    "relative_deviation": -0.016924021437500453
}