{
    "graph_name": "c100b",
    "number_of_tests": 30,
    "waiting_strategy": "drive_first",
    "alpha": 10.0,
    "best_cost": 879.7491523856418,
    "average_cost": 921.5569998599229
}