{
    "graph_name": "tai150c",
    "number_of_tests": 30,
    "waiting_strategy": "drive_first",
    "alpha": 10.0,
    "best_cost": 2661.184538004994,
    "average_cost": 2872.876255710676
}