{
    "graph_name": "tai150d",
    "number_of_tests": 30,
    "waiting_strategy": "drive_first",
    "alpha": 10.0,
    "best_cost": 2893.139094998751,
    "average_cost": 3104.6428059594086
}