{
    "graph_name": "tai100c",
    "number_of_tests": 30,
    "waiting_strategy": "drive_first",
    "alpha": 10.0,
    "best_cost": 1515.5771730237138,
    "average_cost": 1547.113058182493
}