{
    "graph_name": "tai100a",
    "number_of_tests": 30,
    "waiting_strategy": "drive_first",
    "alpha": 10.0,
    "best_cost": 2247.0302133368536,
    "average_cost": 2500.470474941606
}