{
    "graph_name": "tai100d",
    "number_of_tests": 30,
    "waiting_strategy": "drive_first",
    "alpha": 10.0,
    "best_cost": 1833.065830105641,
    "average_cost": 1964.4026001479651
}