{
    "graph_name": "tai75c",
    "number_of_tests": 30,
    "waiting_strategy": "drive_first",
    "alpha": 10.0,
    "best_cost": 1466.0590633850186,
    "average_cost": 1616.6362443417386
}