{
    "graph_name": "c100",
    "tests_ran": 30,
    "best_cost": 972.0760538708422,
    "average_cost": 1025.13021839488
}