{
    "graph_name": "c120",
    "tests_ran": 30,
    "best_cost": 1226.9178743351558,
    "average_cost": 1345.8865545682359
}