{
    "graph_name": "c150",
    "tests_ran": 30,
    "best_cost": 1305.1644669928692,
    "average_cost": 1368.6574073401287
}