{
    "graph_name": "c199",
    "tests_ran": 30,
    "best_cost": 1588.2087705660997,
    "average_cost": 1686.0518663643927
}