{
    "graph_name": "c50",
    "tests_ran": 30,
    "best_cost": 600.7952388948089,
    "average_cost": 635.0685021302681
}