{
    "graph_name": "c75",
    "tests_ran": 30,
    "best_cost": 965.0478638291082,
    "average_cost": 1016.5690132498141
}