{
    "graph_name": "f134",
    "tests_ran": 30,
    "best_cost": 15881.679524845476,
    "average_cost": 16371.546046460342
}