{
    "graph_name": "f71",
    "tests_ran": 30,
    "best_cost": 308.41942658472215,
    "average_cost": 329.72844148474513
}