{
    "graph_name": "tai100d",
    "tests_ran": 30,
    "best_cost": 1818.0056879237288,
    "average_cost": 1884.0666918069937
}