{
    "graph_name": "tai150b",
    "tests_ran": 30,
    "best_cost": 2929.9564733474326,
    "average_cost": 3037.445994044069
}