{
    "graph_name": "tai100a",
    "tests_ran": 30,
    "best_cost": 2256.2125875669785,
    "average_cost": 2367.380861898154
}