{
    "graph_name": "tai100b",
    "tests_ran": 30,
    "best_cost": 2179.399890577459,
    "average_cost": 2342.924162924066
}