{
    "graph_name": "tai150d",
    "tests_ran": 30,
    "best_cost": 2945.3088257019917,
    "average_cost": 3071.4321948262586
}