{
    "graph_name": "tai150a",
    "tests_ran": 30,
    "best_cost": 3331.4073749578324,
    "average_cost": 3408.9273723203078
}