{
    "graph_name": "tai150c",
    "tests_ran": 30,
    "best_cost": 2582.752719165794,
    "average_cost": 2794.634355329797
}