{
    "graph_name": "tai100c",
    "tests_ran": 30,
    "best_cost": 1515.2614389941182,
    "average_cost": 1613.0612176876373
}