{
    "graph_name": "tai75b",
    "tests_ran": 30,
    "best_cost": 1466.4444951296434,
    "average_cost": 1594.5335371430779
}