{
    "graph_name": "tai75c",
    "tests_ran": 30,
    "best_cost": 1596.175702857623,
    "average_cost": 1695.5793595877149
}