{
    "graph_name": "tai75d",
    "tests_ran": 30,
    "best_cost": 1524.1208314287542,
    "average_cost": 1573.5079187739311
}