{
    "graph_name": "tai75a",
    "tests_ran": 30,
    "best_cost": 1748.4837098434782,
    "average_cost": 1821.1946677109013
}