{
    "graph_name": "c100",
    "tests_ran": 30,
    "best_cost": 916.4502231968713,
    "average_cost": 951.832035354692
}