{
    "graph_name": "c100b",
    "tests_ran": 30,
    "best_cost": 877.3218989273031,
    "average_cost": 914.3723161228354
}