{
    "graph_name": "c150",
    "tests_ran": 30,
    "best_cost": 1149.8067901421236,
    "average_cost": 1217.3268011866087
}