{
    "graph_name": "c199",
    "tests_ran": 30,
    "best_cost": 1453.5657000415008,
    "average_cost": 1502.3701895486563
}