{
    "graph_name": "c50",
    "tests_ran": 30,
    "best_cost": 571.2900590594328,
    "average_cost": 605.2169887156584
}