{
    "graph_name": "c75",
    "tests_ran": 30,
    "best_cost": 883.1280769550347,
    "average_cost": 913.4921788131586
}