{
    "graph_name": "c75",
    "tests_ran": 30,
    "best_cost": 883.1280769550347,
    "average_cost": 913.4921788131586,
    "relative_deviation": 0.008818662169206326,
    "relative_deviation_best": -0.02471405253260987
}