{
    "graph_name": "f134",
    "tests_ran": 30,
    "best_cost": 13290.020330191159,
    "average_cost": 13495.895996306017
}