{
    "graph_name": "f71",
    "tests_ran": 30,
    "best_cost": 308.6714551935668,
    "average_cost": 323.1267949842171
}