{
    "graph_name": "tai100c",
    "tests_ran": 30,
    "best_cost": 1446.6108278986908,
    "average_cost": 1476.2643719083949,
    "relative_deviation": 0.018315737164333774,
    "relative_deviation_best": -0.00213904796926735
}