{
    "graph_name": "tai150d",
    "tests_ran": 30,
    "best_cost": 3194.7051600992454,
    "average_cost": 3261.235759618723
}