{
    "graph_name": "tai100a",
    "tests_ran": 30,
    "best_cost": 2245.242387601816,
    "average_cost": 2334.237749445911,
    "relative_deviation": 0.06928267388571027,
    "relative_deviation_best": 0.028515104901501588
}