{
    "graph_name": "tai100c",
    "tests_ran": 30,
    "best_cost": 1446.6108278986908,
    "average_cost": 1476.2643719083949
}