{
    "graph_name": "tai100b",
    "tests_ran": 30,
    "best_cost": 2512.2238568866674,
    "average_cost": 2566.8447405996385,
    "relative_deviation": 0.180624590396016,
    "relative_deviation_best": 0.1555016223252513
}