{
    "graph_name": "tai100b",
    "tests_ran": 30,
    "best_cost": 2512.2238568866674,
    "average_cost": 2566.8447405996385
}