{
    "graph_name": "tai150a",
    "tests_ran": 30,
    "best_cost": 3741.2119474028377,
    "average_cost": 3780.5073348430433
}