{
    "graph_name": "tai100a",
    "tests_ran": 30,
    "best_cost": 2245.242387601816,
    "average_cost": 2334.237749445911
}