{
    "graph_name": "tai150a",
    "tests_ran": 30,
    "best_cost": 3741.2119474028377,
    "average_cost": 3780.5073348430433,
    "relative_deviation": 0.1473279861281353,
    "relative_deviation_best": 0.13540241801182118
}