{
    "graph_name": "tai150c",
    "tests_ran": 30,
    "best_cost": 2504.907960887687,
    "average_cost": 2573.629888265382
}