{
    "graph_name": "tai150b",
    "tests_ran": 30,
    "best_cost": 3011.4746827737686,
    "average_cost": 3124.2859394370016
}