{
    "graph_name": "tai75a",
    "tests_ran": 30,
    "best_cost": 1850.8324842841153,
    "average_cost": 1890.4974887110866,
    "relative_deviation": 0.0819120616255306,
    "relative_deviation_best": 0.059212191897997375
}