{
    "graph_name": "tai75c",
    "tests_ran": 30,
    "best_cost": 1440.0507254104145,
    "average_cost": 1505.5068324737413
}