{
    "graph_name": "tai75d",
    "tests_ran": 30,
    "best_cost": 1550.935890988804,
    "average_cost": 1590.0723360196996
}