{
    "graph_name": "tai75b",
    "tests_ran": 30,
    "best_cost": 1377.1800017488033,
    "average_cost": 1404.038594079695,
    "relative_deviation": 0.023048893275462178,
    "relative_deviation_best": 0.003478453207134593
}