{
    "graph_name": "tai75a",
    "tests_ran": 30,
    "best_cost": 1850.8324842841153,
    "average_cost": 1890.4974887110866
}