{
    "graph_name": "tai75c",
    "tests_ran": 30,
    "best_cost": 1440.0507254104145,
    "average_cost": 1505.5068324737413,
    "relative_deviation": -0.017732768000444238,
    "relative_deviation_best": -0.06043957458259367
}