{
    "graph_name": "tai75b",
    "tests_ran": 30,
    "best_cost": 1377.1800017488033,
    "average_cost": 1404.038594079695
}