{
    "graph_name": "c100",
    "tests_ran": 30,
    "best_cost": 924.9628408323741,
    "average_cost": 950.7204636489572
}