{
    "graph_name": "c100b",
    "tests_ran": 30,
    "best_cost": 819.5575441844262,
    "average_cost": 827.2314938345102
}