{
    "graph_name": "c100",
    "tests_ran": 30,
    "best_cost": 883.6507779773578,
    "average_cost": 927.6255023552995
}