{
    "graph_name": "c100b",
    "tests_ran": 30,
    "best_cost": 819.5575441850245,
    "average_cost": 836.1667216408439
}