{
    "graph_name": "c120",
    "tests_ran": 30,
    "best_cost": 1048.4141895731818,
    "average_cost": 1205.7915313921953
}