{
    "graph_name": "c120",
    "tests_ran": 30,
    "best_cost": 1058.1780130668005,
    "average_cost": 1105.8067551355957
}