{
    "graph_name": "c150",
    "tests_ran": 30,
    "best_cost": 1111.0114713604635,
    "average_cost": 1149.754939826485
}