{
    "graph_name": "c150",
    "tests_ran": 30,
    "best_cost": 1134.7223042876126,
    "average_cost": 1187.0380038994654
}