{
    "graph_name": "c199",
    "tests_ran": 30,
    "best_cost": 1390.8500750553485,
    "average_cost": 1431.040135477663
}