{
    "graph_name": "c199",
    "tests_ran": 30,
    "best_cost": 1379.9346824394347,
    "average_cost": 1413.8936542918686
}