{
    "graph_name": "c50",
    "tests_ran": 30,
    "best_cost": 570.5253348607059,
    "average_cost": 595.7376555207097
}