{
    "graph_name": "c50",
    "tests_ran": 30,
    "best_cost": 560.5881083603467,
    "average_cost": 594.7675129734052
}