{
    "graph_name": "c75",
    "tests_ran": 30,
    "best_cost": 863.6931680018293,
    "average_cost": 892.6321658535122
}