{
    "graph_name": "c75",
    "tests_ran": 30,
    "best_cost": 883.7475413649253,
    "average_cost": 904.7999504325253
}