{
    "graph_name": "f134",
    "tests_ran": 30,
    "best_cost": 11647.618709280008,
    "average_cost": 11775.5135186759
}