{
    "graph_name": "f134",
    "tests_ran": 30,
    "best_cost": 11666.573134731678,
    "average_cost": 11751.669853689551
}