{
    "graph_name": "f71",
    "tests_ran": 30,
    "best_cost": 284.4393916575533,
    "average_cost": 306.16087716385056
}