{
    "graph_name": "f71",
    "tests_ran": 30,
    "best_cost": 262.91711630879524,
    "average_cost": 285.77380130645554
}