{
    "graph_name": "tai150b",
    "tests_ran": 30,
    "best_cost": 2864.0714300985906,
    "average_cost": 2958.614822850793
}