{
    "graph_name": "tai100a",
    "tests_ran": 30,
    "best_cost": 2094.17786873242,
    "average_cost": 2145.137741819467
}