{
    "graph_name": "tai100a",
    "tests_ran": 30,
    "best_cost": 2097.968654042047,
    "average_cost": 2172.2105951597578
}