{
    "graph_name": "tai150c",
    "tests_ran": 30,
    "best_cost": 2387.0110811534746,
    "average_cost": 2466.2139536729674
}