{
    "graph_name": "tai100d",
    "tests_ran": 30,
    "best_cost": 1648.3938274254242,
    "average_cost": 1713.7177071936278
}