{
    "graph_name": "tai150b",
    "tests_ran": 30,
    "best_cost": 2809.5714461487178,
    "average_cost": 2892.2810281884517
}