{
    "graph_name": "tai150d",
    "tests_ran": 30,
    "best_cost": 2694.3782271000546,
    "average_cost": 2781.8889371604164
}