{
    "graph_name": "tai150a",
    "tests_ran": 30,
    "best_cost": 3223.426836664506,
    "average_cost": 3275.2439221984996
}