{
    "graph_name": "tai100b",
    "tests_ran": 30,
    "best_cost": 2006.5874770204903,
    "average_cost": 2069.215041588593
}