{
    "graph_name": "tai150c",
    "tests_ran": 30,
    "best_cost": 2401.7316118625113,
    "average_cost": 2464.0940972448207
}