{
    "graph_name": "tai150d",
    "tests_ran": 30,
    "best_cost": 2782.7366053591486,
    "average_cost": 2829.4859043280535
}