{
    "graph_name": "tai150a",
    "tests_ran": 30,
    "best_cost": 3166.5288696808384,
    "average_cost": 3256.655663879761
}