{
    "graph_name": "tai100c",
    "tests_ran": 30,
    "best_cost": 1428.310825717021,
    "average_cost": 1442.3880146711124
}