{
    "graph_name": "tai100b",
    "tests_ran": 30,
    "best_cost": 2110.342550765141,
    "average_cost": 2161.862312696224
}