{
    "graph_name": "tai100c",
    "tests_ran": 30,
    "best_cost": 1428.3293752041081,
    "average_cost": 1445.815092216461
}