{
    "graph_name": "tai100d",
    "tests_ran": 30,
    "best_cost": 1684.1018676034996,
    "average_cost": 1749.5955306163028
}