{
    "graph_name": "tai75c",
    "tests_ran": 30,
    "best_cost": 1360.929769776905,
    "average_cost": 1408.6173133002653
}