{
    "graph_name": "tai75c",
    "tests_ran": 30,
    "best_cost": 1452.7312448985153,
    "average_cost": 1524.6411829117844
}