{
    "graph_name": "tai75b",
    "tests_ran": 30,
    "best_cost": 1344.772445935992,
    "average_cost": 1363.0991890778798
}