{
    "graph_name": "tai75d",
    "tests_ran": 30,
    "best_cost": 1396.6663713478345,
    "average_cost": 1421.260219710514
}