{
    "graph_name": "tai75a",
    "tests_ran": 30,
    "best_cost": 1641.6499088114183,
    "average_cost": 1698.3806169233656
}