{
    "graph_name": "tai75a",
    "tests_ran": 30,
    "best_cost": 1660.790903322731,
    "average_cost": 1751.3171065102208
}