{
    "graph_name": "tai75b",
    "tests_ran": 30,
    "best_cost": 1349.9179538556077,
    "average_cost": 1370.6861653932012
}