{
    "graph_name": "tai75d",
    "tests_ran": 30,
    "best_cost": 1391.168329345968,
    "average_cost": 1423.7744388536678
}