{
    "graph_name": "c150",
    "number_of_tests": 30,
    "waiting_strategy": "drive_first",
    "alpha": 2.0,
    "best_cost": 1329.1439200333905,
    "average_cost": 1379.4536960001897
}