{
    "graph_name": "c50",
    "number_of_tests": 30,
    "waiting_strategy": "drive_first",
    "alpha": 2.0,
    "best_cost": 619.1030535702897,
    "average_cost": 696.6832176070649
}