{
    "graph_name": "f71",
    "number_of_tests": 30,
    "waiting_strategy": "drive_first",
    "alpha": 2.0,
    "best_cost": 313.1641919623436,
    "average_cost": 334.0123676371755
}