{
    "graph_name": "tai150b",
    "number_of_tests": 30,
    "waiting_strategy": "drive_first",
    "alpha": 2.0,
    "best_cost": 2984.773161485643,
    "average_cost": 3076.2022664765614
}