{
    "graph_name": "tai100d",
    "number_of_tests": 30,
    "waiting_strategy": "drive_first",
    "alpha": 2.0,
    "best_cost": 1832.3291986075992,
    "average_cost": 1908.5258103723934
}