{
    "graph_name": "tai100c",
    "number_of_tests": 30,
    "waiting_strategy": "drive_first",
    "alpha": 2.0,
    "best_cost": 1497.9554957559947,
    "average_cost": 1546.7164498274803
}