{
    "graph_name": "c120",
    "tests_ran": 30,
    "best_cost": 1193.5816170893042,
    "average_cost": 1315.4087263111671
}