{
    "graph_name": "c199",
    "tests_ran": 30,
    "best_cost": 1620.2180911033772,
    "average_cost": 1678.435279461596
}