{
    "graph_name": "c50",
    "tests_ran": 30,
    "best_cost": 594.6691202685116,
    "average_cost": 630.6518992606848
}