{
    "graph_name": "f71",
    "tests_ran": 30,
    "best_cost": 319.6299702857212,
    "average_cost": 326.8963295910765
}