{
    "graph_name": "tai150d",
    "tests_ran": 30,
    "best_cost": 2936.4835882413413,
    "average_cost": 3059.920214764494
}