{
    "graph_name": "tai100a",
    "tests_ran": 30,
    "best_cost": 2155.5750934637895,
    "average_cost": 2265.5591922919016
}