{
    "graph_name": "tai100d",
    "tests_ran": 30,
    "best_cost": 1772.1966619677382,
    "average_cost": 1870.9859783517218
}