{
    "graph_name": "tai150a",
    "tests_ran": 30,
    "best_cost": 3329.23479442562,
    "average_cost": 3397.957766133403
}