{
    "graph_name": "tai100c",
    "tests_ran": 30,
    "best_cost": 1490.8707287255643,
    "average_cost": 1589.3426071144042
}