{
    "graph_name": "tai75b",
    "tests_ran": 30,
    "best_cost": 1448.6467402093328,
    "average_cost": 1542.2564081143785
}