{
    "graph_name": "c100b",
    "tests_ran": 30,
    "best_cost": 867.1962509069308,
    "average_cost": 898.631943773176
}