{
    "graph_name": "c100",
    "tests_ran": 30,
    "best_cost": 936.5499427047495,
    "average_cost": 983.3952226493961
}