{
    "graph_name": "c100b",
    "tests_ran": 30,
    "best_cost": 864.7391948936762,
    "average_cost": 892.3110238896642
}