{
    "graph_name": "c100",
    "tests_ran": 30,
    "best_cost": 963.2478014774528,
    "average_cost": 1034.8506640057506
}