{
    "graph_name": "c120",
    "tests_ran": 30,
    "best_cost": 1193.5086663858078,
    "average_cost": 1303.795933953007
}