{
    "graph_name": "c150",
    "tests_ran": 30,
    "best_cost": 1261.8307491795413,
    "average_cost": 1320.094701728812
}