{
    "graph_name": "c150",
    "tests_ran": 30,
    "best_cost": 1305.0503806819709,
    "average_cost": 1378.0281575619624
}