{
    "graph_name": "c199",
    "tests_ran": 30,
    "best_cost": 1589.0516487136374,
    "average_cost": 1649.4320184257324
}