{
    "graph_name": "c50",
    "tests_ran": 30,
    "best_cost": 599.248717251745,
    "average_cost": 626.4399449838434
}