{
    "graph_name": "c75",
    "tests_ran": 30,
    "best_cost": 950.0172128634208,
    "average_cost": 1004.4416095180558
}