{
    "graph_name": "c75",
    "tests_ran": 30,
    "best_cost": 976.3175177426723,
    "average_cost": 1014.5923741788306
}