{
    "graph_name": "f134",
    "tests_ran": 30,
    "best_cost": 14622.99520366127,
    "average_cost": 15405.788200608946
}