{
    "graph_name": "f134",
    "tests_ran": 30,
    "best_cost": 15281.887916864343,
    "average_cost": 15759.654449716616
}