{
    "graph_name": "f71",
    "tests_ran": 30,
    "best_cost": 294.7497181412828,
    "average_cost": 321.03324826467286
}