{
    "graph_name": "tai100b",
    "tests_ran": 30,
    "best_cost": 2124.1673719957153,
    "average_cost": 2196.175759903621
}