{
    "graph_name": "tai150a",
    "tests_ran": 30,
    "best_cost": 3320.06431168521,
    "average_cost": 3394.5955841732402
}