{
    "graph_name": "tai100d",
    "tests_ran": 30,
    "best_cost": 1729.2825942135757,
    "average_cost": 1858.742435510559
}