{
    "graph_name": "tai100c",
    "tests_ran": 30,
    "best_cost": 1483.1259514138264,
    "average_cost": 1563.8834755145642
}