{
    "graph_name": "tai150b",
    "tests_ran": 30,
    "best_cost": 2940.4287025840094,
    "average_cost": 3064.793324573067
}