{
    "graph_name": "tai150c",
    "tests_ran": 30,
    "best_cost": 2539.0369489274653,
    "average_cost": 2763.2885157151536
}