{
    "graph_name": "tai100b",
    "tests_ran": 30,
    "best_cost": 2177.524533700427,
    "average_cost": 2287.5409279350324
}