{
    "graph_name": "tai100a",
    "tests_ran": 30,
    "best_cost": 2188.6719625274986,
    "average_cost": 2268.766048828307
}