{
    "graph_name": "tai150d",
    "tests_ran": 30,
    "best_cost": 2824.420297255564,
    "average_cost": 2957.316014428226
}