{
    "graph_name": "tai150b",
    "tests_ran": 30,
    "best_cost": 2928.165476213232,
    "average_cost": 3036.7369849557704
}