{
    "graph_name": "tai150c",
    "tests_ran": 30,
    "best_cost": 2579.7381608772935,
    "average_cost": 2754.355203630853
}