{
    "graph_name": "tai385",
    "tests_ran": 30,
    "best_cost": 26752.679025559326,
    "average_cost": 27222.33411462454
}