{
    "graph_name": "tai75d",
    "tests_ran": 30,
    "best_cost": 1438.0625473191621,
    "average_cost": 1481.046825469333
}