{
    "graph_name": "tai75c",
    "tests_ran": 30,
    "best_cost": 1539.370531484074,
    "average_cost": 1632.3624624882107
}