{
    "graph_name": "tai75b",
    "tests_ran": 30,
    "best_cost": 1432.9044136957366,
    "average_cost": 1534.2480962097327
}