{
    "graph_name": "tai75a",
    "tests_ran": 30,
    "best_cost": 1743.952051722284,
    "average_cost": 1816.6715630830133
}