{
    "graph_name": "tai75d",
    "tests_ran": 30,
    "best_cost": 1457.3173932456682,
    "average_cost": 1527.9516420485095
}