{
    "graph_name": "tai75a",
    "tests_ran": 30,
    "best_cost": 1741.366428054798,
    "average_cost": 1788.5512371783016
}