{
    "graph_name": "tai75c",
    "tests_ran": 30,
    "best_cost": 1501.6755597563529,
    "average_cost": 1591.3467995744697
}