{
    "graph_name": "c100b",
    "number_of_tests": 30,
    "waiting_strategy": "drive_first",
    "alpha": 6.0,
    "best_cost": 894.4476572416444,
    "average_cost": 924.8243446270552
}