{
    "graph_name": "c50",
    "number_of_tests": 30,
    "waiting_strategy": "drive_first",
    "alpha": 6.0,
    "best_cost": 677.718704144767,
    "average_cost": 809.6055185005786
}