{
    "graph_name": "tai100d",
    "number_of_tests": 30,
    "waiting_strategy": "drive_first",
    "alpha": 6.0,
    "best_cost": 1880.6214985550728,
    "average_cost": 1930.2386059646367
}