{
    "graph_name": "tai100b",
    "number_of_tests": 30,
    "waiting_strategy": "drive_first",
    "alpha": 6.0,
    "best_cost": 2162.6854427872786,
    "average_cost": 2316.711632641834
}