{
    "graph_name": "tai150d",
    "number_of_tests": 30,
    "waiting_strategy": "drive_first",
    "alpha": 6.0,
    "best_cost": 2912.5081560944886,
    "average_cost": 3113.4619608007274
}