{
    "graph_name": "tai150b",
    "number_of_tests": 30,
    "waiting_strategy": "drive_first",
    "alpha": 6.0,
    "best_cost": 2950.9969438589746,
    "average_cost": 3094.0876367842015
}