{
    "graph_name": "tai75b",
    "number_of_tests": 30,
    "waiting_strategy": "drive_first",
    "alpha": 6.0,
    "best_cost": 1451.2393426434435,
    "average_cost": 1556.4578349541885
}