{
    "graph_name": "tai75d",
    "number_of_tests": 30,
    "waiting_strategy": "drive_first",
    "alpha": 6.0,
    "best_cost": 1478.6934158895401,
    "average_cost": 1556.9617433263497
}