{
    "graph_name": "tai75a",
    "number_of_tests": 30,
    "waiting_strategy": "drive_first",
    "alpha": 6.0,
    "best_cost": 1771.4868920936494,
    "average_cost": 1862.4724936138925
}