{
    "graph_name": "tai75c",
    "number_of_tests": 30,
    "waiting_strategy": "drive_first",
    "alpha": 6.0,
    "best_cost": 1471.3269796533389,
    "average_cost": 1631.5222187231564
}