{
    "graph_name": "c100",
    "tests_ran": 30,
    "best_cost": 912.0405608856037,
    "average_cost": 947.8451138306947
}