{
    "graph_name": "c100b",
    "tests_ran": 30,
    "best_cost": 887.3212433160769,
    "average_cost": 919.4133820999184
}