{
    "graph_name": "c120",
    "tests_ran": 30,
    "best_cost": 1152.918098892852,
    "average_cost": 1222.913269476131
}