{
    "graph_name": "c150",
    "tests_ran": 30,
    "best_cost": 1141.4273580082017,
    "average_cost": 1198.7486804959724,
    "relative_deviation": 0.03826292235965313,
    "relative_deviation_best": -0.011384351308293007
}