{
    "graph_name": "c199",
    "tests_ran": 30,
    "best_cost": 1451.5602439193085,
    "average_cost": 1483.845928209612
}