{
    "graph_name": "c50",
    "tests_ran": 30,
    "best_cost": 583.6141715302407,
    "average_cost": 605.8871130755216
}