{
    "graph_name": "c75",
    "tests_ran": 30,
    "best_cost": 885.3057293545651,
    "average_cost": 912.4174980862728
}