{
    "graph_name": "f134",
    "tests_ran": 30,
    "best_cost": 13288.168873023493,
    "average_cost": 13477.880470362697
}