{
    "graph_name": "f71",
    "tests_ran": 30,
    "best_cost": 310.3391026762956,
    "average_cost": 328.53815371576263
}