{
    "graph_name": "tai100b",
    "tests_ran": 30,
    "best_cost": 2448.744898715335,
    "average_cost": 2515.580547348695
}