{
    "graph_name": "tai100a",
    "tests_ran": 30,
    "best_cost": 2252.003079358632,
    "average_cost": 2321.3353047908126
}