{
    "graph_name": "tai150a",
    "tests_ran": 30,
    "best_cost": 3720.927926545616,
    "average_cost": 3760.420569427429
}