{
    "graph_name": "tai100b",
    "tests_ran": 30,
    "best_cost": 2448.744898715335,
    "average_cost": 2515.580547348695,
    "relative_deviation": 0.19804797012682496,
    "relative_deviation_best": 0.1662174198144133
}