{
    "graph_name": "tai100d",
    "tests_ran": 30,
    "best_cost": 1681.3558705027385,
    "average_cost": 1748.9751065380774,
    "relative_deviation": 0.01700771301738351,
    "relative_deviation_best": -0.02231204879009276
}