{
    "graph_name": "tai150c",
    "tests_ran": 30,
    "best_cost": 2504.3269059992654,
    "average_cost": 2578.560004770355
}