{
    "graph_name": "tai150b",
    "tests_ran": 30,
    "best_cost": 2966.209063387692,
    "average_cost": 3072.8273685389418
}