{
    "graph_name": "tai100c",
    "tests_ran": 30,
    "best_cost": 1442.0633188919285,
    "average_cost": 1471.7763574791124,
    "relative_deviation": 0.017751276976166786,
    "relative_deviation_best": -0.002795651102461345
}