{
    "graph_name": "tai150d",
    "tests_ran": 30,
    "best_cost": 3201.848370777375,
    "average_cost": 3265.790413245452
}