{
    "graph_name": "tai150b",
    "tests_ran": 30,
    "best_cost": 2966.209063387692,
    "average_cost": 3072.8273685389418,
    "relative_deviation": 0.04824854618961853,
    "relative_deviation_best": 0.011877325171387615
}