{
    "graph_name": "tai75c",
    "tests_ran": 30,
    "best_cost": 1413.096581582237,
    "average_cost": 1480.7601409359122
}