{
    "graph_name": "tai75b",
    "tests_ran": 30,
    "best_cost": 1384.3885096510378,
    "average_cost": 1402.0522909087574
}