{
    "graph_name": "tai75a",
    "tests_ran": 30,
    "best_cost": 1825.6429553050073,
    "average_cost": 1873.6673039172344
}