{
    "graph_name": "tai75d",
    "tests_ran": 30,
    "best_cost": 1550.4980225855547,
    "average_cost": 1580.1863654148071
}