{
    "graph_name": "c100",
    "number_of_tests": 30,
    "waiting_strategy": "wait_first",
    "wait_margin": 0.15,
    "best_cost": 886.988463526925,
    "average_cost": 936.8593252556834
}