{
    "graph_name": "c150",
    "number_of_tests": 30,
    "waiting_strategy": "wait_first",
    "wait_margin": 0.15,
    "best_cost": 1116.537953696532,
    "average_cost": 1162.166371876611,
    "relative_deviation": -0.02436463035831973
}