{
    "graph_name": "f134",
    "number_of_tests": 30,
    "waiting_strategy": "wait_first",
    "wait_margin": 0.15,
    "best_cost": 11709.268876626695,
    "average_cost": 11856.121165155806
}