{
    "graph_name": "tai150d",
    "number_of_tests": 30,
    "waiting_strategy": "wait_first",
    "wait_margin": 0.15,
    "best_cost": 2782.2332298617007,
    "average_cost": 2831.521434675929
}