{
    "graph_name": "tai150b",
    "number_of_tests": 30,
    "waiting_strategy": "wait_first",
    "wait_margin": 0.15,
    "best_cost": 2865.5645096676203,
    "average_cost": 2940.795650936056,
    "relative_deviation": -0.0041214851678286245
}