{
    "graph_name": "tai75a",
    "number_of_tests": 30,
    "waiting_strategy": "wait_first",
    "wait_margin": 0.15,
    "best_cost": 1694.1407785219299,
    "average_cost": 1735.8183109577947,
    "relative_deviation": -0.006609223958245694
}