{
    "graph_name": "c150",
    "number_of_tests": 30,
    "waiting_strategy": "wait_first",
    "alpha": 8.0,
    "best_cost": 1163.797708837886,
    "average_cost": 1237.200123008978
}