{
    "graph_name": "f71",
    "number_of_tests": 30,
    "waiting_strategy": "wait_first",
    "alpha": 8.0,
    "best_cost": 293.2142380951755,
    "average_cost": 308.90380807200506
}