{
    "graph_name": "tai100b",
    "number_of_tests": 30,
    "waiting_strategy": "wait_first",
    "alpha": 8.0,
    "best_cost": 2134.722732934047,
    "average_cost": 2250.6700558399784
}