{
    "graph_name": "tai150a",
    "number_of_tests": 30,
    "waiting_strategy": "wait_first",
    "alpha": 8.0,
    "best_cost": 3224.083869390725,
    "average_cost": 3366.155246494569
}