{
    "graph_name": "tai75a",
    "number_of_tests": 30,
    "waiting_strategy": "wait_first",
    "alpha": 8.0,
    "best_cost": 1694.9394617944506,
    "average_cost": 1816.9126267017439
}