{
    "graph_name": "tai75d",
    "number_of_tests": 30,
    "waiting_strategy": "wait_first",
    "alpha": 8.0,
    "best_cost": 1413.627431544084,
    "average_cost": 1455.722568306025
}