{
    "graph_name": "c120",
    "number_of_tests": 30,
    "waiting_strategy": "wait_first",
    "wait_margin": 0.03,
    "best_cost": 1156.6303606884824,
    "average_cost": 1191.1997694159493,
    "relative_deviation": -0.017844681424083107
}