{
    "graph_name": "c75",
    "number_of_tests": 30,
    "waiting_strategy": "wait_first",
    "wait_margin": 0.03,
    "best_cost": 876.3672596482819,
    "average_cost": 904.7868378659526,
    "relative_deviation": -0.0007951151698587618
}