{
    "graph_name": "tai75c",
    "number_of_tests": 30,
    "waiting_strategy": "wait_first",
    "wait_margin": 0.03,
    "best_cost": 1466.285733461915,
    "average_cost": 1514.118303321785,
    "relative_deviation": -0.012114217854475091
}