{
    "graph_name": "tai75a",
    "number_of_tests": 30,
    "waiting_strategy": "wait_first",
    "wait_margin": 0.03,
    "best_cost": 1684.997768857247,
    "average_cost": 1743.4133667956125,
    "relative_deviation": -0.0022626524506279186
}