{
    "graph_name": "c50",
    "number_of_tests": 30,
    "waiting_strategy": "wait_first",
    "wait_margin": 0.28,
    "best_cost": 556.9354774416666,
    "average_cost": 611.134535684709,
    "relative_deviation": 0.03159621373514209,
    "relative_deviation_best": -0.05989189568562599
}