{
    "graph_name": "c75",
    "number_of_tests": 30,
    "waiting_strategy": "wait_first",
    "wait_margin": 0.28,
    "best_cost": 905.0505066933612,
    "average_cost": 936.1918037413719
}