{
    "graph_name": "f71",
    "number_of_tests": 30,
    "waiting_strategy": "wait_first",
    "wait_margin": 0.28,
    "best_cost": 295.08589162985083,
    "average_cost": 310.91885334675317,
    "relative_deviation": 0.016018140755356465
}