{
    "graph_name": "tai75a",
    "number_of_tests": 30,
    "waiting_strategy": "wait_first",
    "wait_margin": 0.28,
    "best_cost": 1691.0140648799998,
    "average_cost": 1755.8852592082444
}