{
    "graph_name": "c100",
    "tests_ran": 30,
    "best_cost": 930.6296830886738,
    "average_cost": 958.971514956959
}