{
    "graph_name": "c100b",
    "tests_ran": 30,
    "best_cost": 819.5575441863314,
    "average_cost": 832.4164940770659
}