{
    "graph_name": "c120",
    "tests_ran": 30,
    "best_cost": 1120.9551662814113,
    "average_cost": 1211.9215662122383
}