{
    "graph_name": "c150",
    "tests_ran": 30,
    "best_cost": 1155.08521162579,
    "average_cost": 1214.4905605985305
}