{
    "graph_name": "c199",
    "tests_ran": 30,
    "best_cost": 1415.4322796255858,
    "average_cost": 1462.3851140814336
}