{
    "graph_name": "c50",
    "tests_ran": 30,
    "best_cost": 575.3016207253567,
    "average_cost": 605.9080927732716
}