{
    "graph_name": "c75",
    "tests_ran": 30,
    "best_cost": 888.2693234396969,
    "average_cost": 915.4810439421418
}