{
    "graph_name": "f134",
    "tests_ran": 30,
    "best_cost": 11712.839687095455,
    "average_cost": 11883.020179319754
}