{
    "graph_name": "f71",
    "tests_ran": 30,
    "best_cost": 287.9239271433399,
    "average_cost": 303.1645757800221,
    "relative_deviation": -0.009321225421530027
}