{
    "graph_name": "tai150c",
    "tests_ran": 30,
    "best_cost": 2399.591210080684,
    "average_cost": 2469.867844549214,
    "relative_deviation": 0.0012677389867697226
}