{
    "graph_name": "tai150b",
    "tests_ran": 30,
    "best_cost": 2878.2386984183663,
    "average_cost": 2966.3850443354922
}