{
    "graph_name": "tai100c",
    "tests_ran": 30,
    "best_cost": 1432.0619463653193,
    "average_cost": 1448.0777486831932
}