{
    "graph_name": "tai150a",
    "tests_ran": 30,
    "best_cost": 3237.3096481417474,
    "average_cost": 3302.7824439652322
}