{
    "graph_name": "tai100d",
    "tests_ran": 30,
    "best_cost": 1698.306971038536,
    "average_cost": 1760.2241880442277
}