{
    "graph_name": "tai100b",
    "tests_ran": 30,
    "best_cost": 2120.5500024002977,
    "average_cost": 2181.8499006266693,
    "relative_deviation": 0.0035455610109028555
}