{
    "graph_name": "tai150d",
    "tests_ran": 30,
    "best_cost": 2787.8108635035433,
    "average_cost": 2860.478755683922
}