{
    "graph_name": "tai100a",
    "tests_ran": 30,
    "best_cost": 2144.506760491991,
    "average_cost": 2182.7692982182807
}