{
    "graph_name": "tai75a",
    "tests_ran": 30,
    "best_cost": 1692.191652116636,
    "average_cost": 1763.1689492611824,
    "relative_deviation": 0.009043262040964579
}