{
    "graph_name": "tai75d",
    "tests_ran": 30,
    "best_cost": 1407.0176372364785,
    "average_cost": 1435.1305302327305
}