{
    "graph_name": "tai75b",
    "tests_ran": 30,
    "best_cost": 1355.8968942477218,
    "average_cost": 1373.899440331509
}