{
    "graph_name": "tai75c",
    "tests_ran": 30,
    "best_cost": 1423.1405649781984,
    "average_cost": 1534.0140286938554
}