{
    "graph_name": "c120",
    "number_of_tests": 30,
    "waiting_strategy": "drive_first",
    "alpha": 1.0,
    "best_cost": 1215.2278375919482,
    "average_cost": 1369.2862313416001
}