{
    "graph_name": "c150",
    "number_of_tests": 30,
    "waiting_strategy": "drive_first",
    "alpha": 1.0,
    "best_cost": 1324.0399997044954,
    "average_cost": 1389.0228375233216
}