{
    "graph_name": "c199",
    "number_of_tests": 30,
    "waiting_strategy": "drive_first",
    "alpha": 1.0,
    "best_cost": 1628.8088297363834,
    "average_cost": 1695.3193235242265
}