{
    "graph_name": "c50",
    "number_of_tests": 30,
    "waiting_strategy": "drive_first",
    "alpha": 1.0,
    "best_cost": 590.2854515467642,
    "average_cost": 642.6607890587677
}