{
    "graph_name": "f71",
    "number_of_tests": 30,
    "waiting_strategy": "drive_first",
    "alpha": 1.0,
    "best_cost": 310.63236644894215,
    "average_cost": 328.53640402078486
}