{
    "graph_name": "tai75a",
    "number_of_tests": 30,
    "waiting_strategy": "drive_first",
    "alpha": 1.0,
    "best_cost": 1768.8050661595273,
    "average_cost": 1846.1662497065547
}