{
    "graph_name": "tai75b",
    "number_of_tests": 30,
    "waiting_strategy": "drive_first",
    "alpha": 1.0,
    "best_cost": 1454.43955191365,
    "average_cost": 1586.4644767304128
}