{
    "graph_name": "tai75d",
    "number_of_tests": 30,
    "waiting_strategy": "drive_first",
    "alpha": 1.0,
    "best_cost": 1447.849347996114,
    "average_cost": 1555.0459483831607
}