{
    "graph_name": "c100b",
    "tests_ran": 30,
    "best_cost": 1075.855578205151,
    "average_cost": 1097.6475517421427
}