{
    "graph_name": "c100",
    "tests_ran": 30,
    "best_cost": 1041.3450525558496,
    "average_cost": 1104.400040937679
}