{
    "graph_name": "c120",
    "tests_ran": 30,
    "best_cost": 1361.7838089382608,
    "average_cost": 1496.3303689913798
}