{
    "graph_name": "c150",
    "tests_ran": 30,
    "best_cost": 1419.045081095094,
    "average_cost": 1494.186701036677
}