{
    "graph_name": "c199",
    "tests_ran": 30,
    "best_cost": 1840.2011274736653,
    "average_cost": 1885.5988366682423
}