{
    "graph_name": "c50",
    "tests_ran": 30,
    "best_cost": 613.9563026989508,
    "average_cost": 681.7373629639163
}