{
    "graph_name": "c75",
    "tests_ran": 30,
    "best_cost": 1013.4366133952724,
    "average_cost": 1090.2657882717706
}