{
    "graph_name": "f71",
    "tests_ran": 30,
    "best_cost": 334.5978450475697,
    "average_cost": 344.7633753384252
}