{
    "graph_name": "tai150c",
    "tests_ran": 30,
    "best_cost": 2976.817758068641,
    "average_cost": 3088.8454112092036,
    "relative_deviation": 0.11934364343046226,
    "relative_deviation_best": 0.0787467780204088
}