{
    "graph_name": "tai100c",
    "tests_ran": 30,
    "best_cost": 1683.4504119805274,
    "average_cost": 1750.7966131096023
}