{
    "graph_name": "tai100d",
    "tests_ran": 30,
    "best_cost": 1960.846693128528,
    "average_cost": 2104.6166522580274
}