{
    "graph_name": "tai100b",
    "tests_ran": 30,
    "best_cost": 2661.3667536063454,
    "average_cost": 2714.1043390939253
}