{
    "graph_name": "tai100a",
    "tests_ran": 30,
    "best_cost": 2372.028003008875,
    "average_cost": 2498.526008932637,
    "relative_deviation": 0.07972212441823523,
    "relative_deviation_best": 0.02505681567125029
}