{
    "graph_name": "tai150b",
    "tests_ran": 30,
    "best_cost": 3147.415697636265,
    "average_cost": 3249.542104549819
}