{
    "graph_name": "tai150a",
    "tests_ran": 30,
    "best_cost": 3705.940035608333,
    "average_cost": 3786.2174362415417
}