{
    "graph_name": "tai150a",
    "tests_ran": 30,
    "best_cost": 3705.940035608333,
    "average_cost": 3786.2174362415417,
    "relative_deviation": 0.10751783208350742,
    "relative_deviation_best": 0.08403564855554622
}