{
    "graph_name": "tai75c",
    "tests_ran": 30,
    "best_cost": 1634.2663581423528,
    "average_cost": 1757.4386342529049
}