{
    "graph_name": "tai75c",
    "tests_ran": 30,
    "best_cost": 1634.2663581423528,
    "average_cost": 1757.4386342529049,
    "relative_deviation": 0.08835619699051495,
    "relative_deviation_best": 0.01207739704292326
}