{
    "graph_name": "tai75b",
    "tests_ran": 30,
    "best_cost": 1566.8268303743703,
    "average_cost": 1678.827824619418
}