{
    "graph_name": "tai75d",
    "tests_ran": 30,
    "best_cost": 1742.3488607077986,
    "average_cost": 1762.9361466606485
}