{
    "graph_name": "tai75a",
    "tests_ran": 30,
    "best_cost": 1914.0347130146026,
    "average_cost": 2016.2646467505137
}