{
    "graph_name": "c100",
    "tests_ran": 30,
    "best_cost": 1069.1607983923552,
    "average_cost": 1100.9224831489207
}