{
    "graph_name": "c120",
    "tests_ran": 30,
    "best_cost": 1378.0256820983127,
    "average_cost": 1502.018321766241
}