{
    "graph_name": "c150",
    "tests_ran": 30,
    "best_cost": 1442.8063048399838,
    "average_cost": 1502.0036231754236
}