{
    "graph_name": "c199",
    "tests_ran": 30,
    "best_cost": 1828.9022034541292,
    "average_cost": 1884.8396939519803
}