{
    "graph_name": "c50",
    "tests_ran": 30,
    "best_cost": 655.1610823141057,
    "average_cost": 669.4990860907207
}