{
    "graph_name": "c75",
    "tests_ran": 30,
    "best_cost": 1019.2283039141663,
    "average_cost": 1087.940534839308,
    "relative_deviation": 0.05852395473694464,
    "relative_deviation_best": -0.008330381587992514
}