{
    "graph_name": "c75",
    "tests_ran": 30,
    "best_cost": 1019.2283039141663,
    "average_cost": 1087.940534839308
}