{
    "graph_name": "f134",
    "tests_ran": 30,
    "best_cost": 16087.889616085013,
    "average_cost": 16721.543996419823
}