{
    "graph_name": "f71",
    "tests_ran": 30,
    "best_cost": 338.6213790906095,
    "average_cost": 348.323836280769
}