{
    "graph_name": "tai100a",
    "tests_ran": 30,
    "best_cost": 2449.033575570382,
    "average_cost": 2599.2623989747512
}