{
    "graph_name": "tai150b",
    "tests_ran": 30,
    "best_cost": 3208.594180673436,
    "average_cost": 3313.9542318219296,
    "relative_deviation": 0.07759527316584715,
    "relative_deviation_best": 0.04333544784662125
}