{
    "graph_name": "tai100c",
    "tests_ran": 30,
    "best_cost": 1709.613170338299,
    "average_cost": 1772.438047482519
}