{
    "graph_name": "tai100d",
    "tests_ran": 30,
    "best_cost": 1910.456143609153,
    "average_cost": 2031.6565959123916
}