{
    "graph_name": "tai150d",
    "tests_ran": 30,
    "best_cost": 3653.7887560854983,
    "average_cost": 3738.4201456411975
}