{
    "graph_name": "tai100c",
    "tests_ran": 30,
    "best_cost": 1709.613170338299,
    "average_cost": 1772.438047482519,
    "relative_deviation": 0.10677759766924351,
    "relative_deviation_best": 0.06754735958091837
}