{
    "graph_name": "tai150c",
    "tests_ran": 30,
    "best_cost": 2806.3412137779483,
    "average_cost": 3109.9390322050363
}