{
    "graph_name": "tai150a",
    "tests_ran": 30,
    "best_cost": 3840.426988485167,
    "average_cost": 3913.1649202022363
}