{
    "graph_name": "tai100b",
    "tests_ran": 30,
    "best_cost": 2606.00692571368,
    "average_cost": 2685.9472691043297
}