{
    "graph_name": "tai150d",
    "tests_ran": 30,
    "best_cost": 3653.7887560854983,
    "average_cost": 3738.4201456411975,
    "relative_deviation": 0.2112643101120621,
    "relative_deviation_best": 0.18384337354249766
}