{
    "graph_name": "tai75d",
    "tests_ran": 30,
    "best_cost": 1632.6916298355966,
    "average_cost": 1707.3825913901308
}