{
    "graph_name": "tai75b",
    "tests_ran": 30,
    "best_cost": 1585.985466996026,
    "average_cost": 1717.5962957856857
}