{
    "graph_name": "tai75c",
    "tests_ran": 30,
    "best_cost": 1605.25183700708,
    "average_cost": 1654.890579036179
}