{
    "graph_name": "tai75a",
    "tests_ran": 30,
    "best_cost": 2038.4800228547801,
    "average_cost": 2152.4405783719208,
    "relative_deviation": 0.1752833314409252,
    "relative_deviation_best": 0.11305817982147794
}