{
    "graph_name": "c120",
    "number_of_tests": 30,
    "waiting_strategy": "wait_first",
    "wait_margin": 0.02,
    "best_cost": 1084.9418385631557,
    "average_cost": 1203.4990271081574,
    "relative_deviation": -0.00770382875848803
}