{
    "graph_name": "tai150a",
    "number_of_tests": 30,
    "waiting_strategy": "wait_first",
    "wait_margin": 0.02,
    "best_cost": 3219.960777320454,
    "average_cost": 3291.8747202469417,
    "relative_deviation": -0.0009647756644684035
}