{
    "graph_name": "tai100c",
    "number_of_tests": 30,
    "waiting_strategy": "wait_first",
    "wait_margin": 0.02,
    "best_cost": 1422.595949855974,
    "average_cost": 1440.2589256605222,
    "relative_deviation": -0.006520540968177021
}