{
    "graph_name": "tai100a",
    "number_of_tests": 30,
    "waiting_strategy": "wait_first",
    "wait_margin": 0.02,
    "best_cost": 2144.4799893351133,
    "average_cost": 2185.589681471813,
    "relative_deviation": 0.0011890087785384397
}