{
    "graph_name": "tai75b",
    "number_of_tests": 30,
    "waiting_strategy": "wait_first",
    "wait_margin": 0.02,
    "best_cost": 1360.2035153935922,
    "average_cost": 1373.9064548385973,
    "relative_deviation": 0.0010931921767803837
}