{
    "graph_name": "tai75a",
    "number_of_tests": 30,
    "waiting_strategy": "wait_first",
    "wait_margin": 0.02,
    "best_cost": 1673.4409649412496,
    "average_cost": 1734.8470598073166,
    "relative_deviation": -0.007165060895795061
}