{
    "graph_name": "f134",
    "number_of_tests": 30,
    "waiting_strategy": "wait_first",
    "alpha": 5.0,
    "best_cost": 11707.260116582554,
    "average_cost": 11897.442599303928
}