{
    "graph_name": "tai100d",
    "number_of_tests": 30,
    "waiting_strategy": "wait_first",
    "alpha": 5.0,
    "best_cost": 1733.7769728089331,
    "average_cost": 1792.1195883600305
}