{
    "graph_name": "tai150b",
    "number_of_tests": 30,
    "waiting_strategy": "wait_first",
    "alpha": 5.0,
    "best_cost": 2926.5276221269714,
    "average_cost": 3007.252959624275
}