{
    "graph_name": "tai150a",
    "number_of_tests": 30,
    "waiting_strategy": "wait_first",
    "alpha": 5.0,
    "best_cost": 3256.293842008023,
    "average_cost": 3370.0336572448305
}